repeat,mesh_ms,mesh_cpu_ms,vertices,triangles
0,714.31,714.243,851194,1476686
1,687.938,687.864,851194,1476686
2,694.824,694.65,851194,1476686
3,676.596,676.557,851194,1476686
4,668.998,668.925,851194,1476686
5,669.492,669.452,851194,1476686
6,670.675,670.61,851194,1476686
7,687.462,687.128,851194,1476686
8,693.796,693.612,851194,1476686
9,718.033,717.672,851194,1476686
10,715.243,714.896,851194,1476686
11,722.966,722.416,851194,1476686
12,691.799,691.357,851194,1476686
13,688.479,687.968,851194,1476686
14,690.352,690.027,851194,1476686
15,693.879,693.67,851194,1476686
16,687.987,687.772,851194,1476686
17,680.875,679.076,851194,1476686
18,668.163,668.118,851194,1476686
19,672.967,672.747,851194,1476686
20,682.599,682.386,851194,1476686
21,661.328,661.278,851194,1476686
22,673.157,672.946,851194,1476686
23,699.467,699.226,851194,1476686
24,715.757,715.439,851194,1476686
25,674.073,673.982,851194,1476686
26,706.58,706.194,851194,1476686
27,695.709,694.869,851194,1476686
28,695.041,694.571,851194,1476686
29,713.576,712.923,851194,1476686
30,682.869,682.598,851194,1476686
31,673.992,673.832,851194,1476686
32,681.892,679.64,851194,1476686
33,675.653,673.103,851194,1476686
34,695.512,693.004,851194,1476686
35,672.131,671.342,851194,1476686
36,664.718,664.658,851194,1476686
37,668.649,668.608,851194,1476686
38,677.087,673.774,851194,1476686
39,687.371,681.687,851194,1476686
40,690.555,685.758,851194,1476686
41,686.882,684.518,851194,1476686
42,691.42,691.263,851194,1476686
43,685.19,684.972,851194,1476686
44,683.221,682.755,851194,1476686
45,691.423,690.603,851194,1476686
46,670.935,670.717,851194,1476686
47,694.881,694.485,851194,1476686
48,702.262,701.794,851194,1476686
49,683.317,683.169,851194,1476686
50,662.608,662.557,851194,1476686
51,670.671,670.567,851194,1476686
52,666.627,666.589,851194,1476686
53,665.01,664.959,851194,1476686
54,668.991,668.928,851194,1476686
55,693.258,692.98,851194,1476686
56,693.988,689.983,851194,1476686
57,683.783,680.218,851194,1476686
58,671.33,669.168,851194,1476686
59,688.402,688.33,851194,1476686
60,664.998,664.939,851194,1476686
61,662.419,662.397,851194,1476686
62,672.383,672.335,851194,1476686
63,667.076,667.012,851194,1476686
64,660.352,660.292,851194,1476686
65,665.395,665.333,851194,1476686
66,678.965,677.691,851194,1476686
67,663.323,663.292,851194,1476686
68,692.252,691.126,851194,1476686
69,680.411,680.192,851194,1476686
70,686.328,684.251,851194,1476686
71,686.275,683.982,851194,1476686
72,664.459,664.416,851194,1476686
73,670.26,670.128,851194,1476686
74,664.095,664.047,851194,1476686
75,660.42,660.364,851194,1476686
76,660.42,660.362,851194,1476686
77,672.673,672.467,851194,1476686
78,679.962,677.193,851194,1476686
79,678.387,673.887,851194,1476686
80,740.937,739.01,851194,1476686
81,788.528,785.038,851194,1476686
82,795.139,793.767,851194,1476686
83,720.919,718.821,851194,1476686
84,672.024,671.945,851194,1476686
85,720.489,719.971,851194,1476686
86,698.096,695.385,851194,1476686
87,709.449,708.695,851194,1476686
88,778.617,766.25,851194,1476686
89,711.337,709.87,851194,1476686
90,706.98,705.866,851194,1476686
91,716.991,716.242,851194,1476686
92,678.266,678.169,851194,1476686
93,670.046,669.962,851194,1476686
94,705.513,704.93,851194,1476686
95,703.754,703.251,851194,1476686
96,678.977,678.721,851194,1476686
97,664.571,664.512,851194,1476686
98,664.317,664.278,851194,1476686
99,697.073,696.486,851194,1476686
100,680.976,680.623,851194,1476686
