machine,stage,n,mean,std,ci95,min,p50,p95,max,share,cpu_ratio
base,read,300,0.5398122033333334,0.08458114354729357,0.009571257415097678,0.466079,0.517577,0.6716798,1.52128,1.0638700046500218,1.001389563497641
base,filter,300,0.18421631333333333,0.025546366343566124,0.0028908434911138403,0.172363,0.177569,0.212406,0.421273,0.3630562794104239,1.0018633709855664
base,convert,300,0.1419796266666667,0.023875445867638803,0.002701761039345906,0.127844,0.137715,0.1586918,0.412896,0.2798155824365519,1.0026486664002119
base,register,300,21.318330366666665,10.574470953592087,1.1966140357124768,5.16556,21.178350000000002,39.729435,54.3558,42.014485938383906,6.452198580635874
base,transform,300,0.9872367266666667,0.06222383036304326,0.007041289261182076,0.900505,0.9773480000000001,1.099396,1.28265,1.9456609808077743,1.0031400911752952
base,integrate,300,27.568853666666666,2.649559788706984,0.2998259152198211,24.1402,26.942050000000002,30.851515000000003,42.4136,54.333111214311316,0.9999191357986703
base,total/scan,300,50.74042890333333,12.471684269712902,1.411303932991886,31.327251,51.094289499999995,71.02466425,82.602993,100.0,nan
base,period,300,50.803,12.4743198295713,1.4116021746658534,31.400000000001455,51.1550000000002,71.09349999999952,82.66000000000167,nan,nan
base,mesh (once),101,717.3886930693071,22.658525530467593,4.464122964471279,698.971,709.189,764.977,828.018,nan,0.9998465832999542
all,read,300,0.7719903466666667,0.2053275104371083,0.02323499511088843,0.490324,0.710289,1.1185950000000002,1.84863,1.233256839193605,0.9864321403604425
all,filter,300,0.1614865233333333,0.0981476868430339,0.011106456310156283,0.085725,0.11627699999999999,0.4332838,0.545304,0.2579751938587682,1.001613860161747
all,convert,300,0.28976739333333335,0.1893733651983133,0.02142961362141993,0.135634,0.208871,0.7558766,1.03405,0.46290425929113105,0.996297432499249
all,register,300,26.1026193,14.840809537398389,1.6793956947561492,5.78064,24.41395,51.910485,79.7175,41.69901076041779,0.9824955114753561
all,transform,300,0.9523377799999999,0.14368330576904426,0.016259296671707345,0.78564,0.90443,1.281462,1.37594,1.521362392002261,0.9988858224932196
all,integrate,300,34.319493,6.702289668323161,0.7584354738618718,25.5682,33.810950000000005,44.09194,62.1929,54.82549055523646,0.9919768239777512
all,total/scan,300,62.59769434333332,20.330975149970843,2.3006664192417587,33.63201,62.402448,96.12451195000001,129.133311,100.0,nan
all,period,300,34.414,6.868221292991238,0.7772124048230324,25.600000000000364,33.89499999999998,44.17250000000007,72.0374,nan,nan
all,mesh (once),101,747.6256633663369,46.13951183514564,9.090284982392564,703.372,721.156,846.324,917.866,nan,0.9996000804765531
full,read,300,0.9987271833333333,0.2188441418944117,0.024764545949729003,0.619184,0.9811129999999999,1.3586004999999999,2.18692,1.6373140500499594,0.9975308472211906
full,filter,300,0.38212517,0.17997549946631142,0.020366145000624798,0.192765,0.340666,0.67865095,1.09974,0.6264562737048386,1.00003764909458
full,convert,300,0.30145606,0.09840611785120314,0.01113570053173444,0.138765,0.336313,0.40976979999999996,0.585072,0.494207277770638,1.0005842974262982
full,register,300,24.134214133333334,12.283431019607665,1.390001072325566,5.49556,23.796599999999998,46.741005,59.9849,39.565647703245126,0.9948334440898802
full,transform,300,1.0023349,0.08328563713401847,0.009424657063715189,0.895033,0.991473,1.1400290000000002,1.44367,1.6432285433024787,1.0004452038269178
full,integrate,300,34.179042333333335,6.001071875269316,0.6790852106721542,25.1343,34.7188,42.52114,60.6354,56.033146151926964,0.9968586792957441
full,total/scan,300,60.997899780000004,17.281973695039948,1.9556394243320314,34.577748,62.821994000000004,88.87882104999998,101.882727,100.0,nan
full,period,300,34.272999999999996,6.179711183929989,0.6993001514489995,25.100000000000364,34.77500000000009,42.58999999999971,70.5706,nan,nan
full,mesh (once),101,687.8277326732673,24.607950621248854,4.8481935565127365,660.352,683.221,720.919,795.139,nan,0.9986473414847818
lto,read,300,0.5504698266666667,0.08962847573831582,0.010142416820536205,0.484722,0.5212049999999999,0.6890886,1.47106,1.0839637009917287,1.00143455032122
lto,filter,300,0.18365201,0.025096660393891475,0.002839954472298077,0.170821,0.1763335,0.2081078,0.373092,0.3616403712073337,1.0022100130204583
lto,convert,300,0.15814616666666667,0.03680699165322749,0.0041651032016540345,0.139501,0.14978,0.18882145000000003,0.420334,0.3114152598621175,1.0023477015461435
lto,register,300,21.346964933333336,10.861742760153524,1.2291219008628487,5.328,20.9078,39.972530000000006,69.5159,42.035610297108114,6.338631464593464
lto,transform,300,0.9291799166666665,0.08230245676394472,0.00931339973125568,0.840754,0.9147095000000001,1.0693774999999999,1.47525,1.8297048313369,1.0018311164890117
lto,integrate,300,27.614637000000002,2.7730917870605256,0.3138048767903992,23.8148,27.23265,30.854145,41.8582,54.37766553949381,0.9998370791547977
lto,total/scan,300,50.78304985333333,12.851190957690651,1.4542491575306762,31.163431,50.841646999999995,71.1982164,108.731536,100.0,nan
lto,period,300,50.84466666666667,12.85421192063094,1.4545910116689666,31.19999999999891,50.904999999999745,71.26450000000024,108.80999999999949,nan,nan
lto,mesh (once),101,702.8785841584158,18.708441223825844,3.6858877681357507,682.794,697.111,746.154,784.8,nan,0.9997212030634365
native,read,300,0.5760778366666667,0.09877124965233017,0.011177019084693835,0.51389,0.556156,0.6915382,1.64346,1.1723821421549658,1.0005178351159274
native,filter,300,0.18109173,0.027377982524542363,0.0030981103737610267,0.167262,0.1729735,0.21098055000000004,0.402333,0.3685417088295239,0.9987618245552496
native,convert,300,0.14056559333333332,0.03425707641499731,0.003876553128810262,0.123207,0.13080999999999998,0.20061330000000002,0.468397,0.2860665363885065,1.002627575197515
native,register,300,20.1495818,10.461406699088698,1.1838196108689185,4.49669,19.75495,39.62496,50.4491,41.006628567589885,6.57989371107775
native,transform,300,0.9303150133333334,0.08944684245403231,0.010121863079523528,0.850331,0.9159269999999999,1.0458995,1.74324,1.8932939939533846,1.000490224630149
native,integrate,300,27.15974533333333,3.170656669313223,0.3587935783810308,23.2374,27.2745,31.089870000000005,41.1227,55.273087051083735,0.998765980083564
native,total/scan,300,49.137377306666664,12.91083300188775,1.4609982901840304,29.563365,49.969855499999994,71.37091915,83.011386,100.0,nan
native,period,300,49.19533333333334,12.914958758268694,1.4614651634692315,29.600000000000364,50.0300000000002,71.42799999999988,83.09000000000015,nan,nan
native,mesh (once),101,699.2480297029704,29.42904854304857,5.798033559020028,666.184,696.295,765.853,804.247,nan,0.9992334197878282
prefetch,read,300,0.8783474833333332,0.1976045944225811,0.022361064893464865,0.628435,0.784103,1.252901,1.56847,1.686570680862822,1.001643939360446
prefetch,filter,300,0.29732819333333327,0.18458078447239326,0.020887282058064234,0.173884,0.201453,0.6657625500000001,0.831002,0.5709187115409614,1.0012442703886206
prefetch,convert,300,0.2161701233333333,0.0955931183201071,0.010817379668578757,0.133253,0.1719055,0.4136234000000001,0.545715,0.4150819567546248,1.0018375496447343
prefetch,register,300,22.1138056,10.901570060690053,1.2336287841892775,5.11291,22.05975,41.56575500000002,66.6713,42.46211991832628,0.996897570025969
prefetch,transform,300,0.9909954166666667,0.06810973078733168,0.007707341595281782,0.902024,0.9784375000000001,1.087274,1.4108,1.9028731183660093,1.0006961888908834
prefetch,integrate,300,27.582254666666667,2.6722407631046674,0.30239250908792226,23.9774,26.969749999999998,31.008055000000002,41.7939,52.96243561414932,0.9999438648742808
prefetch,total/scan,300,52.078901483333325,12.61368330070403,1.4273726360302952,31.714277,52.3333195,72.91415885000004,100.32029400000002,100.0,nan
prefetch,period,300,50.75566666666666,12.7529473745909,1.4431318495375125,30.700000000000728,51.17500000000018,71.8891000000001,98.19999999999891,nan,nan
prefetch,mesh (once),101,729.1336237623763,23.446413594770302,4.619350593760624,698.649,722.919,767.159,841.769,nan,0.9995091964291922
soa,read,300,0.4570917266666667,0.1126396770770942,0.012746379384850999,0.367671,0.4248675,0.6252927,1.53417,0.8864874510551823,1.0002407540111677
soa,filter,300,0.09178213666666667,0.02078478405932164,0.0023520197316527275,0.083658,0.0856305,0.1131741,0.297224,0.17800303011252283,1.0033809411206778
soa,convert,300,0.14477413333333336,0.035043141241844676,0.003965504737728903,0.125789,0.135689,0.17277805000000004,0.375322,0.28077614393353884,1.0018964023039103
soa,register,300,21.7916101,11.008357813038325,1.2457129559519058,4.77354,21.64845,43.975325,59.571,42.26282771034483,6.299422456779976
soa,transform,300,1.0001352833333335,0.06682639391879795,0.007562118357526033,0.906794,0.9894715000000001,1.100054,1.40149,1.9396705875603744,1.0015218741157965
soa,integrate,300,28.076727000000005,2.491554993464092,0.28194598945074095,24.1795,27.90615,31.386950000000002,41.7783,54.45223507699357,0.9994875114894979
soa,total/scan,300,51.562120379999996,12.764848667619502,1.444478607625331,31.036432,51.473676000000005,75.22947455,93.591655,100.0,nan
soa,period,300,51.625,12.76690306535619,1.4447110846142457,31.100000000000364,51.578,75.29350000000069,93.69999999999891,nan,nan
soa,mesh (once),101,722.6965742574258,26.37680477743524,5.196688539066403,698.491,710.239,776.136,823.651,nan,0.999405458275808
