scan,points_in,points_kept,read_ms,filter_ms,convert_ms,register_ms,transform_ms,integrate_ms,read_cpu_ms,filter_cpu_ms,convert_cpu_ms,register_cpu_ms,transform_cpu_ms,integrate_cpu_ms,rss_kb,done_ms
0,65536,57269,1.4347,0.310681,0.382155,6.5523,1.08518,41.7939,1.43632,0.311089,0.382537,6.55387,1.08559,41.7855,69780,51.785
1,65536,57111,1.2558,0.193156,0.156129,15.6514,0.971483,31.0033,1.25646,0.193431,0.156428,15.6401,0.971934,30.9998,81976,99.4754
2,65536,57021,1.07204,0.19209,0.156492,12.2796,1.08689,30.8617,1.07258,0.192384,0.156759,12.2735,1.08769,30.8623,88748,143.755
3,65536,57077,1.07944,0.193785,0.156834,15.13,0.993124,30.8566,1.08005,0.194066,0.157221,15.1328,0.993703,30.8249,91696,190.788
4,65536,56870,0.901213,0.211905,0.174019,15.6934,0.977869,30.6634,0.902205,0.21222,0.174311,15.6961,0.978408,30.6651,94176,238.181
5,65536,56849,0.717914,0.181272,0.155229,21.0817,0.99862,30.5131,0.719098,0.181722,0.155564,21.0836,0.99927,30.5143,95456,290.831
6,65536,56913,0.744784,0.192194,0.179397,27.699,1.00265,31.3104,0.746404,0.192613,0.179724,27.4537,1.00314,31.3111,97148,350.897
7,65536,56845,0.762344,0.198686,0.180981,42.779,1.01597,31.0984,0.763713,0.199134,0.181378,42.2529,1.01657,31.0953,97968,425.847
8,65536,57058,0.851595,0.176951,0.159332,15.5962,1.01168,30.5576,0.853125,0.177299,0.159646,15.5855,1.01212,30.559,98736,473.068
9,65536,57260,0.741478,0.179541,0.20623,22.6935,1.01279,30.7698,0.742603,0.179819,0.206663,22.687,1.0135,30.7712,99380,527.601
10,65536,57244,0.69805,0.202023,0.177355,34.2503,1.4108,32.2752,0.699286,0.202798,0.177668,34.2434,1.41197,32.2769,100048,595.607
11,65536,57069,0.71538,0.186136,0.186798,38.397,0.99917,32.2654,0.716632,0.186492,0.187122,38.3994,0.999829,32.2666,100320,667.335
12,65536,56860,0.793448,0.224185,0.190971,26.8194,1.03591,31.8412,0.79489,0.224618,0.191263,26.8213,1.0366,31.8433,100640,727.09
13,65536,57051,0.779494,0.246915,0.458186,42.7258,1.0098,31.7954,0.780984,0.247753,0.45899,42.7276,1.01018,31.791,101444,802.682
14,65536,57094,0.739578,0.193935,0.200753,31.6613,0.971174,31.9877,0.740694,0.19423,0.20109,31.6444,0.971556,31.9891,101444,867.355
15,65536,57406,0.753528,0.183074,0.145022,30.757,1.3644,31.9484,0.754661,0.18334,0.145281,30.7588,1.36583,31.9502,102144,931.492
16,65536,57465,0.774476,0.201701,0.155532,34.2759,1.00925,30.5071,0.775713,0.202056,0.155893,34.2654,1.0099,30.5075,102176,997.34
17,65536,57277,0.819776,0.189675,0.177579,22.1002,1.00304,30.7327,0.82104,0.190006,0.177955,22.0847,1.00344,30.7337,102176,1051.23
18,65536,57011,0.719484,0.180789,0.142909,30.9883,1.04727,30.6096,0.72073,0.18104,0.143281,30.9763,1.0478,30.6104,102816,1113.93
19,65536,56997,0.828046,0.181487,0.155582,23.9011,0.994838,31.5848,0.829522,0.181874,0.156157,23.897,0.995248,31.5862,102824,1170.47
20,65536,56950,1.00295,0.297914,0.180652,18.9942,0.981821,30.5487,1.00589,0.298578,0.181073,18.9965,0.982307,30.5424,103364,1221.06
21,65536,57117,0.74868,0.185392,0.170424,25.0999,0.982313,30.8098,0.749832,0.18584,0.170795,24.9984,0.982845,30.8109,103372,1278.01
22,65536,57196,0.964811,0.322319,0.177912,23.8315,0.990963,30.8895,0.966874,0.323243,0.178221,23.8335,0.991568,30.8668,103388,1333.78
23,65536,57036,0.750894,0.205551,0.156994,25.6387,1.01696,30.5454,0.752329,0.206021,0.157388,25.6406,1.01777,30.5332,104024,1391.04
24,65536,56726,0.840155,0.197085,0.153822,36.9569,1.06665,30.0809,0.841447,0.197384,0.154079,36.9588,1.06747,30.0713,104052,1459.2
25,65536,56721,0.868504,0.1965,0.169181,30.1164,0.975295,30.4418,0.869621,0.196947,0.169552,30.1187,0.975799,30.4428,104072,1520.78
26,65536,56873,0.7413,0.195092,0.162094,27.2788,1.09457,30.3634,0.742486,0.195398,0.162412,27.2812,1.09556,30.3642,104760,1579.57
27,65536,57126,0.716925,0.184851,0.176395,22.6772,1.00359,30.7084,0.718613,0.185135,0.176754,22.4966,1.00399,30.7093,104760,1634.02
28,65536,57137,0.801641,0.223676,0.147795,31.7477,1.00294,30.3719,0.802777,0.223978,0.148047,31.7496,1.00351,30.3728,104760,1697.21
29,65536,57197,0.747728,0.185834,0.156344,35.4216,1.02682,31.385,0.74912,0.186164,0.156655,35.4242,1.02757,31.3718,105472,1765.1
30,65536,56945,0.885085,0.202349,0.225288,24.7495,1.00496,30.5013,0.88639,0.203003,0.225712,24.7364,1.0055,30.5028,105476,1821.41
31,65536,56956,0.705564,0.220947,0.141802,35.0034,1.01221,30.4453,0.706688,0.221543,0.142123,35.0056,1.01262,30.4466,105476,1887.95
32,65536,56949,1.18746,0.228388,0.174286,22.3294,1.01213,30.5102,1.19002,0.228878,0.174676,22.3313,1.01259,30.5114,106240,1941.85
33,65536,56930,0.72909,0.217019,0.210271,28.4637,0.969342,30.3579,0.730397,0.217462,0.210757,28.456,0.970189,30.3592,106240,2001.7
34,65536,56858,0.833116,0.189104,0.183298,19.6867,1.00162,30.5965,0.834302,0.189572,0.183689,19.689,1.00211,30.5978,106272,2053.04
35,65536,56643,0.788637,0.223172,0.172101,35.1883,0.962659,30.489,0.790015,0.223473,0.17245,35.1904,0.963052,30.4814,106300,2119.74
36,65536,56494,0.752679,0.214593,0.217768,27.0033,1.03711,30.6934,0.7537,0.215086,0.218483,27.005,1.03779,30.6945,106992,2178.53
37,65536,56115,0.761383,0.197852,0.204569,27.183,0.993834,30.5549,0.762569,0.198184,0.204881,27.1868,0.994412,30.5557,106992,2237.32
38,65536,56176,0.815916,0.265623,0.21619,27.2717,1.04063,30.2066,0.817232,0.265984,0.216553,27.2737,1.04164,30.2074,107716,2295.9
39,65536,56431,0.753673,0.190698,0.173873,37.8113,0.988261,31.9203,0.754742,0.191028,0.174247,37.6719,0.988945,31.9215,107716,2366.67
40,65536,56454,0.856662,0.1947,0.17527,22.8363,0.97157,30.2008,0.85788,0.194972,0.175553,22.8388,0.972104,30.1909,107716,2420.74
41,65536,56575,0.78671,0.175883,0.141892,24.636,1.01014,30.8744,0.787989,0.176127,0.142239,24.6379,1.01103,30.8543,108100,2477.32
42,65536,56711,0.790964,0.212144,0.165579,32.2501,1.00831,30.3093,0.79226,0.212682,0.165879,32.2523,1.00886,30.3015,108136,2540.94
43,65536,56531,0.706343,0.193528,0.161432,33.1881,0.969763,30.1754,0.707847,0.193834,0.161782,33.1903,0.970111,30.1759,108500,2605.33
44,65536,56577,0.69752,0.190285,0.155079,24.6232,0.973628,30.3548,0.69871,0.190869,0.155361,24.6246,0.974091,30.356,109324,2661.34
45,65536,56585,0.814512,0.194185,0.266453,46.8662,0.973628,30.2623,0.815569,0.194699,0.267207,46.8577,0.974098,30.2634,109356,2739.49
46,65536,56443,0.69643,0.213791,0.18805,28.7106,0.958175,30.5753,0.697989,0.214411,0.188404,28.7132,0.958874,30.5668,110064,2799.79
47,65536,56563,0.738917,0.190149,0.158108,27.976,1.08111,30.2882,0.740055,0.190423,0.158446,27.9796,1.08187,30.2897,110064,2859.19
48,65536,56463,1.05916,0.378257,0.418628,26.162,0.960104,30.4158,1.06114,0.379134,0.419589,26.164,0.960531,30.4167,110064,2916.78
49,65536,56659,0.75782,0.184944,0.148423,34.6876,1.01875,30.9601,0.759001,0.185349,0.148948,34.6778,1.01923,30.9612,110064,2983.5
50,65536,56687,0.761334,0.186424,0.16288,33.6555,1.00051,30.636,0.76269,0.186732,0.163201,33.6571,1.001,30.6371,110756,3048.84
51,65536,56912,0.750986,0.182627,0.143411,30.7292,1.02779,30.7243,0.752641,0.183003,0.143674,30.7233,1.02843,30.7262,110756,3111.39
52,65536,56863,0.713346,0.188923,0.175818,29.9917,0.978592,30.874,0.714718,0.189268,0.176111,28.8323,0.97916,30.8755,110756,3173.29
53,65536,56773,0.735576,0.18228,0.146326,34.2161,1.04385,30.4413,0.73676,0.18277,0.146686,34.208,1.0445,30.4421,111036,3239.05
54,65536,56491,0.717903,0.18389,0.187008,27.6479,1.00529,30.5551,0.719185,0.184226,0.187322,27.4067,1.00582,30.556,111672,3298.31
55,65536,56521,0.84001,0.194853,0.224417,20.9595,0.960282,30.5334,0.841136,0.195238,0.224882,20.9498,0.960804,30.5346,111672,3350.82
56,65536,56542,0.753402,0.185468,0.186378,31.194,1.01635,30.3961,0.754589,0.185715,0.186654,31.1858,1.01688,30.3972,111672,3413.48
57,65536,56545,0.72673,0.207978,0.172588,26.1672,0.998509,30.7507,0.727876,0.208228,0.172947,26.1608,0.999062,30.7521,111672,3471.45
58,65536,56542,0.768127,0.180057,0.145382,30.563,0.960711,30.9335,0.769224,0.180331,0.145643,30.565,0.96115,30.9347,111952,3533.96
59,65536,56612,0.976896,0.217351,0.173241,44.521,1.03003,30.8808,0.978724,0.217651,0.173684,44.4949,1.03067,30.8821,111952,3610.44
60,65536,56751,1.01373,0.203375,0.202604,32.2919,1.00106,30.3093,1.01558,0.203844,0.203099,32.2936,1.00153,30.3103,112668,3674.1
61,65536,56637,0.740691,0.192902,0.157303,28.8546,0.961651,30.6609,0.741828,0.193365,0.15758,28.8565,0.962091,30.662,112668,3734.64
62,65536,56818,0.700092,0.209516,0.158281,33.6588,0.965962,30.58,0.70108,0.209863,0.158548,33.6602,0.966495,30.5808,112668,3799.9
63,65536,56920,0.778819,0.195979,0.161193,22.9473,0.992759,30.6916,0.780269,0.19624,0.161572,22.9501,0.993461,30.6927,112668,3854.58
64,65536,56791,0.77259,0.2176,0.150555,25.0101,1.05623,30.5632,0.773739,0.217915,0.150877,25.0118,1.05701,30.5641,113436,3911.27
65,65536,56715,0.867791,0.202197,0.153851,46.0399,1.03044,30.3859,0.869587,0.202453,0.154129,45.9701,1.03089,30.3876,113448,3988.78
66,65536,56383,0.718518,0.212029,0.163772,30.0487,0.990356,30.4393,0.719843,0.21248,0.164068,30.0119,0.990983,30.4406,113448,4050.32
67,65536,56385,0.732233,0.188753,0.15086,34.4297,0.993477,30.4815,0.733806,0.189049,0.151191,33.9589,0.99407,30.4469,113448,4116.28
68,65536,56333,0.871176,0.194909,0.163988,30.3868,1.35347,31.9704,0.87308,0.195359,0.164396,30.3814,1.35444,31.9284,114216,4180.05
69,65536,56397,0.766214,0.182987,0.180056,26.5416,1.0073,31.1521,0.767815,0.183282,0.180366,26.5451,1.00775,31.1537,114216,4238.81
70,65536,56419,0.760177,0.178864,0.171289,24.4225,1.13701,30.7162,0.761775,0.179124,0.171546,24.4246,1.13801,30.718,114220,4295.16
71,65536,56344,0.743415,0.178175,0.163022,43.6661,0.979425,30.7402,0.744557,0.178436,0.163284,43.668,0.980001,30.7418,114224,4370.61
72,65536,56321,0.83664,0.195439,0.286056,20.6976,1.00078,30.5519,0.838074,0.195846,0.286721,20.6995,1.00128,30.5374,114232,4422.91
73,65536,56197,0.737836,0.190196,0.214125,29.9056,0.983836,30.8714,0.739279,0.190504,0.214434,28.9569,0.984228,30.8634,114616,4484.73
74,65536,56276,0.822943,0.197405,0.240296,28.3665,0.98252,30.4673,0.82435,0.197999,0.240779,28.3685,0.983032,30.4615,114616,4544.59
75,65536,56375,0.816741,0.198214,0.181614,32.9782,1.18884,30.2976,0.818173,0.198465,0.181911,32.9803,1.19055,30.2995,114808,4609.12
76,65536,56413,0.719967,0.221679,0.160696,32.268,0.968471,30.636,0.721293,0.22197,0.16099,32.2701,0.968827,30.6373,114904,4673.05
77,65536,56426,0.733416,0.190745,0.155388,27.9805,0.991417,30.6201,0.734885,0.191118,0.155683,27.9825,0.991802,30.6209,115600,4732.69
78,65536,56053,0.960209,0.227655,0.175733,26.2603,0.969238,30.49,0.961973,0.228163,0.176102,26.2616,0.969622,30.4788,115600,4790.47
79,65536,56290,0.841246,0.198652,0.15966,29.6292,0.958402,30.2255,0.842967,0.198947,0.159946,29.6323,0.958786,30.2271,116360,4851.33
80,65536,56429,0.74635,0.200801,0.151647,23.5502,0.993866,30.0717,0.747491,0.201075,0.151927,23.5518,0.994272,30.0729,116368,4906
81,65536,56411,0.747732,0.190349,0.156809,22.1632,1.03617,30.4403,0.748741,0.190607,0.157092,22.1648,1.03656,30.4415,116368,4959.7
82,65536,56395,0.773334,0.194755,0.154575,23.8558,0.996278,30.3237,0.77461,0.195141,0.154848,23.8491,0.996789,30.3248,116368,5014.96
83,65536,56347,0.715431,0.180783,0.146791,27.5908,1.00232,30.1154,0.716548,0.181158,0.14704,27.5947,1.00291,30.1168,116368,5073.72
84,65536,56509,0.737314,0.2245,0.146604,30.3281,0.992744,30.5339,0.738539,0.224908,0.146871,30.3189,0.993149,30.5351,117136,5135.63
85,65536,56464,0.772522,0.184456,0.169843,47.7,0.991057,30.4298,0.773767,0.184751,0.170141,47.6524,0.991564,30.4396,117140,5214.81
86,65536,56681,0.706335,0.231443,0.171456,26.519,0.973951,30.3413,0.70762,0.231941,0.171756,26.5132,0.974576,30.3425,117140,5272.7
87,65536,56882,0.808551,0.196,0.176142,25.9508,1.00051,30.2528,0.809782,0.196278,0.176626,25.9529,1.00107,30.2535,117140,5329.96
88,65536,56576,0.75573,0.201433,0.158626,46.4802,1.01254,30.4211,0.756912,0.20172,0.158907,46.4702,1.01322,30.4366,117872,5407.95
89,65536,56243,0.658957,0.186677,0.173648,27.3476,0.956839,30.2473,0.660284,0.187045,0.173938,27.3498,0.957321,30.2485,117872,5466.56
90,65536,55948,0.751367,0.195628,0.17171,38.877,0.990917,29.9429,0.752639,0.195935,0.171989,38.8703,0.991623,29.9447,117872,5536.43
91,65536,55979,1.07962,0.341796,0.19555,52.1535,0.967607,29.8158,1.08228,0.342726,0.196078,52.1552,0.968248,29.8093,117872,5619.43
92,65536,56134,0.754618,0.217613,0.204629,23.6629,0.999872,29.9277,0.755836,0.218089,0.20543,23.6653,1.00018,29.9282,117880,5674.07
93,65536,56097,0.783977,0.20173,0.179296,24.9715,0.978283,29.4762,0.785827,0.202094,0.17963,24.9727,0.97864,29.4772,117880,5729.55
94,65536,55960,0.817779,0.224757,0.181456,28.2613,0.973978,29.7091,0.81925,0.22524,0.181826,28.2645,0.974741,29.6955,117880,5788.55
95,65536,55867,0.721653,0.180664,0.14261,38.1414,0.964023,29.5608,0.72302,0.180947,0.142871,37.9839,0.964653,29.5619,118608,5857.28
96,65536,55914,0.717343,0.221226,0.19065,33.1153,0.966553,29.2938,0.718581,0.221531,0.190985,33.1174,0.967149,29.2953,118608,5920.71
97,65536,55924,0.836548,0.202181,0.232906,23.9448,1.01745,29.5233,0.838303,0.202615,0.233437,23.5949,1.01838,29.5097,118608,5975.25
98,65536,56167,0.77074,0.195773,0.172839,48.105,0.97079,29.4586,0.771802,0.196047,0.173141,48.1077,0.971419,29.4601,118608,6053.84
99,65536,56178,0.782605,0.207045,0.166182,27.8756,1.21466,29.2279,0.783665,0.207338,0.166583,27.8777,1.21583,29.2294,118608,6112.22
100,65536,56222,0.807021,0.190652,0.153503,38.3271,0.991535,29.4007,0.808185,0.190916,0.153839,38.3207,0.992144,29.4022,118608,6181
101,65536,55862,1.15881,0.654399,0.364681,26.0354,1.01626,29.115,1.16026,0.655115,0.365128,26.0392,1.01693,29.1166,118608,6237.24
102,65536,56058,1.17749,0.639078,0.353535,26.9938,1.17347,28.9851,1.17902,0.639951,0.353927,26.9958,1.17466,28.9675,119292,6294.45
103,65536,55909,1.28362,0.831002,0.434312,35.0687,0.99583,29.8047,1.28527,0.83296,0.434957,35.0707,0.996425,29.806,119292,6360.37
104,65536,55858,0.628435,0.195338,0.174712,28.9244,0.991665,28.7408,0.62962,0.195626,0.174987,28.926,0.992249,28.7417,119292,6419.08
105,65536,55881,0.747779,0.196259,0.153382,21.1843,0.961404,28.9005,0.749156,0.196546,0.153743,21.1869,0.961886,28.8903,119292,6470.18
106,65536,55981,0.970624,0.198662,0.178716,45.1812,0.980257,28.7472,0.972168,0.199084,0.179391,45.183,0.980787,28.7486,119292,6545.15
107,65536,55815,1.03793,0.358402,0.373581,31.1075,0.964665,28.9984,1.03978,0.358887,0.374185,31.1095,0.965198,29.0002,119292,6606.28
108,65536,55649,0.821969,0.25596,0.197387,36.8394,0.958557,28.7359,0.823592,0.256332,0.197756,36.8413,0.959087,28.7373,119292,6672.87
109,65536,55950,0.853515,0.273483,0.211585,24.5501,1.16924,28.6214,0.854947,0.273881,0.212123,24.5521,1.1707,28.6229,120060,6727.27
110,65536,56157,0.842354,0.214126,0.185741,30.3301,0.979742,29.0279,0.843849,0.214587,0.186099,30.3318,0.980556,29.0297,120060,6787.67
111,65536,56088,0.753978,0.188159,0.149224,34.803,1.00183,29.0739,0.755485,0.188522,0.149484,34.8053,1.00227,29.0633,120060,6852.61
112,65536,55992,0.729183,0.207751,0.149272,26.7748,1.34577,29.4542,0.730323,0.208138,0.149556,26.7769,1.34702,29.436,120060,6910.25
113,65536,55778,0.787199,0.197075,0.162855,47.3108,1.01904,29.4584,0.788407,0.197442,0.163133,46.6904,1.02002,29.4602,120060,6988.1
114,65536,55722,0.682112,0.187203,0.149784,19.0928,0.989551,28.5078,0.683418,0.187712,0.150046,19.0948,0.990332,28.5098,120060,7036.75
115,65536,55820,0.778492,0.184255,0.179609,23.141,0.991513,28.7525,0.779614,0.184627,0.179871,23.1434,0.991923,28.7442,120060,7089.69
116,65536,55858,0.795332,0.201372,0.213134,24.4766,1.04866,28.3874,0.796885,0.201635,0.213594,24.4707,1.04918,28.3882,120060,7143.66
117,65536,55840,0.760907,0.199185,0.178566,48.8532,0.99458,28.4309,0.762189,0.199569,0.179053,48.4923,0.995213,28.4239,120704,7222
118,65536,56058,0.699996,0.193234,0.157024,41.5047,1.04856,28.5744,0.701319,0.193731,0.15738,41.389,1.04918,28.5582,120704,7293.18
119,65536,55984,0.767533,0.18876,0.151825,27.5355,0.980828,28.9457,0.768623,0.189004,0.152174,27.3088,0.981162,28.9394,120704,7350.7
120,65536,55769,0.982429,0.390026,0.376166,35.0619,0.973037,28.6399,0.984206,0.39082,0.376903,35.0635,0.973641,28.6352,120704,7415.43
121,65536,55941,0.746008,0.231617,0.14726,24.8154,0.991401,28.4936,0.747191,0.232509,0.147626,24.3317,0.991796,28.4871,120704,7469.79
122,65536,56012,0.760012,0.225513,0.226098,20.0404,0.958258,28.7529,0.761287,0.22582,0.226716,20.0429,0.958752,28.7541,121344,7519.6
123,65536,55865,0.811482,0.194363,0.176021,33.8891,0.951961,28.7326,0.812604,0.194623,0.176378,33.8913,0.952362,28.7339,121344,7583.23
124,65536,55861,0.74256,0.224991,0.145551,34.8581,0.981731,28.2822,0.744113,0.204448,0.146016,34.8476,0.98218,28.2828,121344,7647.4
125,65536,55539,0.752352,0.187476,0.159003,32.2351,1.01457,28.0598,0.753902,0.187736,0.159418,32.2368,1.0151,28.0611,121344,7708.77
126,65536,55534,0.77494,0.195917,0.153839,26.2263,0.944517,28.3011,0.776218,0.196312,0.154106,26.2275,0.944878,28.3023,121344,7764.29
127,65536,55847,0.868405,0.274826,0.15855,23.7283,0.974753,28.0691,0.869678,0.275298,0.15888,23.7298,0.975224,28.0696,121344,7817.11
128,65536,55980,0.794605,0.184076,0.153029,41.3569,0.964312,28.4679,0.795902,0.184428,0.153304,41.359,0.964748,28.4698,122024,7887.95
129,65536,55983,0.803556,0.23308,0.155511,16.9029,0.962141,28.4006,0.809591,0.233402,0.155836,16.905,0.970507,28.4021,122024,7934.28
130,65536,55892,0.827151,0.198261,0.159726,19.3506,0.988167,28.5012,0.828636,0.198637,0.160037,19.3521,0.988639,28.4955,122024,7983.18
131,65536,55935,0.698875,0.195084,0.142042,36.299,0.952845,28.3334,0.700063,0.195393,0.142313,36.2923,0.953242,28.3289,122024,8048.82
132,65536,55812,0.74261,0.218968,0.150953,25.9875,0.988092,27.9473,0.74362,0.219345,0.151231,25.9894,0.988872,27.9486,122024,8103.8
133,65536,56063,0.781111,0.178981,0.143951,40.8183,1.01173,27.8701,0.782475,0.179391,0.144212,40.8112,1.01263,27.8713,122024,8173.56
134,65536,56090,0.771281,0.193141,0.138251,22.5322,0.987142,27.7952,0.772445,0.193785,0.138578,22.5338,0.987623,27.7958,122132,8224.93
135,65536,55917,0.788507,0.217061,0.159044,39.8705,1.01839,27.5499,0.78977,0.217475,0.159341,39.8719,1.01896,27.5519,122132,8293.43
136,65536,55926,0.741417,0.196842,0.184468,33.5152,1.04009,27.6446,0.742847,0.197402,0.184786,32.3293,1.04074,27.6452,122240,8355.7
137,65536,55403,0.799894,0.201473,0.158376,39.2183,0.968161,27.4425,0.801574,0.201865,0.158672,39.211,0.982341,27.4388,122528,8423.4
138,65536,55445,0.747011,0.213395,0.148054,24.9276,1.03386,27.1576,0.748496,0.213916,0.148319,24.93,1.0344,27.1588,123268,8476.57
139,65536,55636,0.871138,0.199787,0.248747,21.774,1.04137,27.1592,0.872603,0.200826,0.249223,21.7761,1.0423,27.16,123268,8526.6
140,65536,55656,0.761057,0.198633,0.186545,22.7028,1.0158,27.472,0.762419,0.199264,0.186824,22.705,1.01625,27.4575,123268,8577.85
141,65536,55662,0.763135,0.196274,0.170389,30.1663,1.01409,27.3397,0.764703,0.196635,0.170671,30.1682,1.01491,27.3413,123268,8636.44
142,65536,55538,0.771605,0.201153,0.153794,25.863,0.955901,27.1078,0.773011,0.201407,0.154165,25.8662,0.956424,27.1089,123268,8690.42
143,65536,55370,0.7988,0.207626,0.202217,36.2316,1.04008,27.1951,0.800063,0.20805,0.202509,36.2338,1.04075,27.196,123268,8754.94
144,65536,55114,0.843967,0.21417,0.225659,25.6874,1.02448,27.0413,0.845568,0.214665,0.22625,25.5542,1.02503,27.0419,123268,8808.75
145,65536,55418,0.763843,0.18873,0.174893,23.9349,0.946261,26.8982,0.765253,0.189471,0.17515,23.9364,0.946723,26.8986,123268,8860.58
146,65536,55397,0.78521,0.18922,0.145057,26.9204,0.96458,27.1734,0.786638,0.189628,0.145322,26.9217,0.964982,27.1739,123364,8915.68
147,65536,55295,0.721745,0.219114,0.173178,20.0722,0.965508,27.1007,0.723269,0.219516,0.173466,20.0738,0.966081,27.094,123464,8963.88
148,65536,55380,0.700804,0.192137,0.154145,27.7419,0.954057,26.8118,0.702027,0.192488,0.154416,27.744,0.954626,26.8137,123952,9019.45
149,65536,54851,0.867028,0.200062,0.167964,53.1231,0.969129,26.7086,0.868548,0.200405,0.16836,52.803,0.969642,26.7091,124664,9100.3
150,65536,54967,0.805782,0.196454,0.156298,23.4796,0.96965,26.8229,0.806826,0.196736,0.156596,23.4822,0.970358,26.811,124664,9151.63
151,65536,55229,0.899944,0.215338,0.153154,21.4164,0.970652,26.7307,0.901378,0.215835,0.153442,21.418,0.971071,26.7229,124664,9200.8
152,65536,55200,0.750861,0.179677,0.139787,22.0193,0.966566,26.7323,0.752188,0.17997,0.140072,22.0208,0.967186,26.7328,124664,9250.57
153,65536,55022,0.842249,0.183746,0.142498,27.1208,1.06417,26.3461,0.843336,0.184023,0.142755,27.0738,1.06522,26.3473,124664,9305.15
154,65536,54786,0.731362,0.183933,0.139061,25.6412,0.99399,26.0343,0.732351,0.184246,0.139318,25.6426,0.994691,26.0355,124664,9357.88
155,65536,54708,0.739323,0.191813,0.178674,30.4271,0.979206,27.0796,0.740293,0.192097,0.179066,30.4293,0.979772,27.0809,124664,9416.41
156,65536,54905,0.866288,0.210309,0.180875,19.9677,0.965908,26.332,0.868471,0.210612,0.181167,19.9698,0.966284,26.3256,124664,9463.73
157,65536,54909,0.796823,0.213071,0.137935,19.7771,0.985299,26.0921,0.797975,0.213345,0.138187,19.7787,0.985994,26.0932,124664,9510.64
158,65536,54899,0.750881,0.219897,0.17744,24.5447,0.938338,26.2235,0.75205,0.220261,0.177822,24.5463,0.938837,26.2251,124664,9562.4
159,65536,54676,0.77921,0.186538,0.187897,21.7147,0.931677,26.0581,0.780531,0.186941,0.188181,21.7164,0.932041,26.0592,125048,9611.18
160,65536,54486,0.742789,0.182279,0.208109,25.9912,0.959972,25.9748,0.744028,0.18279,0.20848,25.9931,0.960356,25.9753,125680,9664.16
161,65536,54328,0.965634,0.217864,0.15948,38.3067,0.959188,25.8159,0.967498,0.218168,0.159782,38.3091,0.959607,25.8164,125680,9729.3
162,65536,54538,1.15203,0.281606,0.225642,19.0559,1.03775,25.6917,1.15389,0.282222,0.226129,19.0587,1.03868,25.6923,125680,9775.14
163,65536,54528,1.10304,0.367939,0.369874,10.9732,0.949907,25.6666,1.10511,0.368821,0.370763,10.9748,0.950356,25.6672,125680,9812.77
164,65536,54361,0.656451,0.197817,0.142966,23.6799,0.993885,25.4486,0.657958,0.198234,0.143215,23.6818,0.994622,25.4491,125680,9862.95
165,65536,54361,1.13044,0.370777,0.365278,25.5342,0.950311,25.5953,1.13257,0.371444,0.366161,25.5364,0.950837,25.5962,125680,9915.08
166,65536,54464,0.64447,0.217806,0.139998,37.2961,0.95614,25.83,0.64542,0.218399,0.140276,37.0784,0.956731,25.831,125684,9979.22
167,65536,54473,1.1078,0.363489,0.429689,16.5076,0.989458,25.2785,1.1099,0.364244,0.430697,16.4704,0.990042,25.28,126068,10022.1
168,65536,54503,1.20683,0.226352,0.15403,25.78,1.02034,25.3026,1.20988,0.226909,0.154445,25.628,1.02113,25.3039,126068,10074.2
169,65536,54541,0.754167,0.198755,0.14388,15.4253,0.974602,25.8071,0.755675,0.199016,0.14417,15.3921,0.975295,25.8015,126068,10116.5
170,65536,54481,1.41763,0.723319,0.359019,21.3436,0.963346,25.7345,1.41895,0.724022,0.359502,21.3457,0.96374,25.7359,126260,10164.6
171,65536,54254,1.16141,0.655562,0.345607,15.2743,0.98596,25.6854,1.1626,0.656733,0.346057,14.6834,0.986432,25.675,126260,10206.6
172,65536,53921,1.1787,0.642084,0.347458,33.8283,0.949943,25.2051,1.18004,0.642842,0.347819,33.6009,0.950645,25.2064,126356,10266.6
173,65536,53879,1.09649,0.657932,0.43861,14.3127,1.05864,24.7805,1.0985,0.658965,0.439494,14.3139,1.05946,24.7819,126404,10306.8
174,65536,53972,1.13189,0.652238,0.438626,24.1976,1.08515,24.8243,1.13357,0.653115,0.43907,24.1995,1.08589,24.8195,126992,10357
175,65536,53919,1.13337,0.537185,0.545715,11.2396,0.950869,24.8063,1.13447,0.538016,0.54621,11.2416,0.951162,24.8068,126992,10394
176,65536,53973,1.13877,0.680869,0.377061,13.4513,0.993405,24.9823,1.14072,0.681857,0.37753,13.4533,0.994027,24.9833,126992,10433.5
177,65536,53727,1.1519,0.635616,0.330945,22.1148,0.951551,24.7953,1.15312,0.636274,0.331503,22.1173,0.951996,24.7869,126992,10481.4
178,65536,53518,1.16875,0.627708,0.345243,12.8477,0.997696,24.4943,1.17019,0.628489,0.345749,12.8493,0.998339,24.4952,126992,10519.8
179,65536,53612,1.35229,0.692327,0.368849,24.7364,0.985473,24.4032,1.35374,0.693425,0.369251,24.7385,0.985987,24.4038,127376,10570
180,65536,53447,1.15528,0.665478,0.361397,15.7598,0.937959,24.7829,1.15687,0.666333,0.361901,15.7633,0.938348,24.7767,127376,10611.5
181,65536,53257,1.15361,0.656728,0.349545,14.6592,0.945885,24.3323,1.15581,0.657458,0.350037,14.6608,0.946559,24.3334,127376,10651.5
182,65536,53233,1.1167,0.640409,0.41336,23.2038,0.943488,24.4713,1.11839,0.641055,0.413883,23.2052,0.943901,24.4723,127376,10700.2
183,65536,52883,1.14917,0.607544,0.428479,10.4385,1.04086,24.2452,1.15079,0.608095,0.428971,10.4392,1.04133,24.2428,127712,10736
184,65536,53031,1.29566,0.691089,0.492801,14.803,0.927774,24.5497,1.2977,0.692895,0.493596,14.8047,0.928297,24.5334,128240,10776.3
185,65536,53263,1.15632,0.627016,0.351353,9.69339,0.904885,24.4642,1.15765,0.627733,0.351782,9.69507,0.90535,24.4655,128240,10811.4
186,65536,53344,1.12281,0.646206,0.359295,13.2486,0.953287,24.3238,1.12448,0.646872,0.359911,13.2501,0.953805,24.3247,128240,10850
187,65536,53284,1.12222,0.615179,0.352923,9.47703,0.966258,24.4219,1.12354,0.615828,0.353273,9.47843,0.966621,24.4225,128240,10884.9
188,65536,53340,1.19425,0.746605,0.395785,8.92244,1.0064,24.3053,1.19557,0.747601,0.396257,8.92415,1.00698,24.3059,128240,10919.2
189,65536,53179,1.25289,0.707606,0.420925,11.1364,1.04095,24.4292,1.25423,0.708443,0.421418,11.1385,1.04163,24.4299,128624,10955.8
190,65536,53182,1.16233,0.641307,0.337133,8.93748,0.930526,24.2723,1.16367,0.642489,0.337624,8.93891,0.931135,24.2733,128624,10990
191,65536,53572,1.19145,0.642705,0.330418,18.4625,0.974833,24.5995,1.19317,0.643436,0.330778,18.4648,0.975471,24.6002,128624,11034.1
192,65536,53726,1.15089,0.653122,0.33086,14.9205,1.04952,24.5019,1.15235,0.65395,0.331566,14.848,1.05028,24.5031,128624,11074.7
193,65536,53543,1.14636,0.640471,0.347844,5.92303,0.996577,24.6075,1.14787,0.641407,0.348417,5.92454,0.997097,24.6089,128624,11106.2
194,65536,53295,1.14859,0.633653,0.349605,12.4186,0.943444,24.2779,1.15006,0.63441,0.350215,12.3992,0.943813,24.2787,128624,11143.9
195,65536,53288,1.14873,0.643287,0.350114,10.0221,0.910649,24.5374,1.14996,0.644359,0.350504,10.0231,0.91094,24.5384,128816,11179.4
196,65536,53328,0.743256,0.193348,0.162384,11.1082,0.936878,24.5438,0.744441,0.193652,0.16266,11.1009,0.937248,24.5446,128960,11216.1
197,65536,53456,0.791818,0.19243,0.168931,8.31279,0.951963,24.5299,0.79333,0.192769,0.169226,8.31416,0.952417,24.5307,129508,11249.9
198,65536,53531,0.80693,0.208735,0.204389,6.16487,0.910189,24.5502,0.808239,0.209146,0.204917,6.16599,0.910628,24.5511,129508,11281.6
199,65536,53511,1.11686,0.211448,0.187964,10.8277,0.933394,24.3734,1.1185,0.211851,0.188582,10.8296,0.933908,24.3663,129508,11317.8
200,65536,53484,0.774659,0.240201,0.168087,5.81802,0.9503,24.8816,0.775995,0.24061,0.168511,5.82009,0.950659,24.8831,129508,11349.5
201,65536,53121,0.71579,0.211652,0.145675,5.11291,0.93185,24.5964,0.717145,0.212054,0.145935,5.11408,0.932386,24.5977,129508,11380.2
202,65536,53155,0.746206,0.174598,0.133253,8.80217,0.911786,24.4317,0.747733,0.174927,0.133499,8.80332,0.912177,24.4325,129892,11414.4
203,65536,53195,0.731271,0.174878,0.14938,7.87355,0.906034,24.4614,0.732578,0.175236,0.149657,7.8748,0.90636,24.4534,129892,11447.7
204,65536,53099,0.733464,0.17805,0.137151,11.7761,0.905336,24.2781,0.735025,0.178297,0.137411,11.7771,0.90579,24.2791,129892,11484.7
205,65536,53114,0.705942,0.193926,0.210082,11.0879,0.942901,24.1747,0.707138,0.194177,0.210367,11.09,0.943538,24.1759,129892,11520.9
206,65536,52688,0.703581,0.173884,0.15934,8.53404,0.972769,23.9774,0.704715,0.174133,0.159612,8.53586,0.973262,23.9788,130084,11554.5
207,65536,52901,0.692492,0.174559,0.162586,12.7104,0.902024,24.2834,0.693637,0.174892,0.163093,12.7118,0.902489,24.2849,130180,11592.4
208,65536,53129,0.736369,0.174388,0.135571,9.71809,0.93227,24.5248,0.737429,0.17464,0.135839,9.71968,0.932658,24.5258,130180,11627.6
209,65536,53142,0.703484,0.216417,0.147879,15.4414,0.942017,24.3548,0.704424,0.216693,0.148153,15.4319,0.942489,24.3557,130876,11668.4
210,65536,53358,0.738,0.175535,0.139907,8.68985,1.03646,24.1564,0.739148,0.175774,0.140176,8.69098,1.03721,24.1575,130876,11702.4
211,65536,53618,0.737322,0.180973,0.14229,12.0821,1.14752,24.4814,0.738475,0.181254,0.142555,11.9188,1.14904,24.4827,130876,11740.1
212,65536,53554,0.818665,0.195234,0.159275,13.2422,0.936086,24.6955,0.82033,0.195948,0.159549,13.2452,0.936502,24.6968,130876,11779.1
213,65536,53691,0.716929,0.177668,0.135526,13.394,0.971276,24.6717,0.718348,0.1785,0.135837,13.3959,0.971812,24.6732,130876,11818.2
214,65536,54025,0.74795,0.177942,0.136696,8.87971,1.02731,24.9487,0.749501,0.178233,0.136955,8.88094,1.02787,24.9352,131260,11853.1
215,65536,54235,0.780778,0.191721,0.138596,7.44459,0.972394,24.9312,0.782068,0.191976,0.138915,7.44579,0.973001,24.9327,131260,11886.5
216,65536,54258,1.05074,0.198493,0.159381,17.6408,0.935483,25.0596,1.05279,0.198782,0.159947,17.225,0.935866,25.061,131260,11930.2
217,65536,54166,0.752381,0.183835,0.137711,17.0078,1.06055,24.9121,0.754028,0.184089,0.137964,17.0099,1.06168,24.9134,131452,11973.2
218,65536,53618,0.758208,0.199316,0.14577,11.5129,0.939483,24.5802,0.759436,0.199587,0.146035,11.5148,0.939939,24.5809,131548,12010.3
219,65536,53780,0.731462,0.18185,0.165165,13.3471,0.953258,24.8757,0.732824,0.18211,0.165423,13.35,0.953778,24.8766,132192,12049.5
220,65536,53962,0.713113,0.193061,0.16409,6.42953,0.915803,24.8375,0.714317,0.193333,0.164336,6.43179,0.916208,24.8314,132192,12081.7
221,65536,53833,0.720687,0.195852,0.167401,9.10358,0.932898,24.6961,0.721989,0.196141,0.167731,9.10908,0.933376,24.6969,132756,12116.5
222,65536,53890,0.792072,0.197995,0.151192,8.24976,0.917922,24.7119,0.793534,0.198293,0.151458,8.25149,0.918635,24.7077,132756,12150.5
223,65536,53990,0.6852,0.19094,0.141621,19.0198,0.951549,24.9608,0.686454,0.191208,0.141873,19.0218,0.952032,24.9617,133340,12195.5
224,65536,53948,0.75286,0.19626,0.154119,7.5801,0.93778,25.0271,0.75463,0.196614,0.154416,7.58134,0.938054,25.028,133340,12229.1
225,65536,54014,0.76544,0.187788,0.140022,9.23805,0.952171,25.0849,0.767764,0.188332,0.140472,9.23929,0.952761,25.0859,133340,12264.4
226,65536,54279,0.777774,0.23853,0.180701,8.91033,0.959051,25.1449,0.778947,0.238862,0.18104,8.91211,0.959358,25.1456,133340,12299.4
227,65536,53925,0.851291,0.205064,0.236366,11.9675,0.967202,24.7948,0.852841,0.205342,0.237289,11.9689,0.967929,24.7959,133916,12337.2
228,65536,53761,1.44505,0.671169,0.413183,11.5807,0.953499,24.8102,1.44626,0.671896,0.413822,11.5827,0.954112,24.8116,133916,12374.6
229,65536,53379,1.14059,0.633615,0.422604,8.53557,0.940283,24.6147,1.14232,0.634606,0.423133,8.53798,0.940734,24.6043,133916,12408.8
230,65536,53697,1.12415,0.640865,0.393177,12.3319,0.95527,24.896,1.12548,0.641502,0.394262,12.3339,0.955656,24.8972,134484,12447
231,65536,53751,1.14981,0.644106,0.351154,6.70902,0.941082,25.0927,1.15114,0.644858,0.351595,6.71042,0.941722,25.0856,134484,12479.8
232,65536,53874,1.14803,0.648202,0.33822,11.7687,0.967607,24.8694,1.14953,0.648998,0.338757,11.7701,0.968184,24.87,134484,12517.5
233,65536,53975,1.132,0.657054,0.375738,10.3433,0.959642,24.9601,1.13329,0.657838,0.376182,10.3454,0.960177,24.9615,135068,12553.8
234,65536,53954,1.15005,0.638577,0.36866,7.60721,0.986933,25.1404,1.15165,0.639322,0.369156,7.60854,0.987527,25.1416,135068,12587.6
235,65536,54040,1.41598,0.656008,0.360264,10.9455,0.925775,25.2115,1.41776,0.65681,0.360725,10.9235,0.926197,25.2129,135068,12624.7
236,65536,53831,1.15856,0.632387,0.32766,10.5542,0.946427,24.9241,1.1599,0.633132,0.328313,10.5568,0.946883,24.9253,135068,12661.2
237,65536,53855,1.16452,0.638496,0.40953,14.9145,0.926547,25.0528,1.16578,0.639588,0.40997,14.9162,0.926827,25.0534,135452,12702.1
238,65536,53826,1.13144,0.609199,0.463245,11.1845,0.99797,24.9482,1.13315,0.610066,0.46366,11.1864,0.998413,24.9486,135452,12739.3
239,65536,53824,1.13663,0.637704,0.434537,10.5294,0.944769,24.9093,1.13808,0.638545,0.435125,10.5309,0.945132,24.9108,135644,12775.8
240,65536,53704,1.28626,0.749111,0.390607,10.543,0.944804,25.039,1.28857,0.749731,0.391234,10.545,0.945109,25.0396,135740,12812.3
241,65536,53659,1.15231,0.649675,0.407942,9.94408,0.951162,24.9778,1.15384,0.650294,0.40846,9.94594,0.951626,24.9783,135828,12848.3
242,65536,53542,1.11807,0.641336,0.43183,9.51389,0.939656,24.9161,1.11924,0.64196,0.432461,9.51533,0.940102,24.9166,135964,12883.7
243,65536,53488,1.19998,0.723223,0.450145,7.87025,0.909692,24.8741,1.20185,0.723991,0.450789,7.87186,0.910069,24.8665,136556,12917.4
244,65536,53637,1.41485,0.746824,0.383146,15.675,0.911086,24.8212,1.4166,0.747879,0.383882,15.6763,0.911356,24.8216,136556,12958.8
245,65536,53724,1.13506,0.649889,0.369415,11.0098,0.924195,25.2077,1.13661,0.650422,0.36989,11.0128,0.924711,25.2011,137156,12996
246,65536,53854,1.15077,0.638278,0.32808,13.936,0.971194,24.9737,1.15248,0.639061,0.328901,13.9371,0.971782,24.9741,137156,13036
247,65536,53609,1.15301,0.639,0.343756,12.1298,1.01721,24.8508,1.15452,0.639609,0.344321,12.1213,1.0177,24.8512,137156,13074
248,65536,53633,1.11556,0.643169,0.389172,16.3753,0.982783,25.0693,1.11714,0.643879,0.389702,16.3699,0.983316,25.044,137156,13116.5
249,65536,53827,1.43077,0.696062,0.346083,11.1015,0.963037,24.952,1.43222,0.696745,0.346678,11.1033,0.963611,24.9525,137772,13153.6
250,65536,54038,1.22319,0.653266,0.387821,13.1631,0.93172,25.2469,1.22532,0.654129,0.388461,13.1649,0.932162,25.2484,137772,13193
251,65536,53969,1.16607,0.683358,0.349177,15.749,0.956035,25.2176,1.16742,0.684031,0.349598,15.7507,0.956449,25.2189,137772,13234.9
252,65536,53495,1.15502,0.645761,0.326303,9.70953,0.953242,25.0079,1.15659,0.64624,0.326803,9.7115,0.953925,25.0099,137772,13270.7
253,65536,53330,1.31183,0.641621,0.344159,18.228,0.912917,24.9907,1.31349,0.642246,0.344536,18.2307,0.913279,24.9834,138392,13314.9
254,65536,53345,1.21679,0.714242,0.379742,11.8484,1.02181,33.8945,1.2183,0.715279,0.380177,11.8499,1.02243,33.8735,138392,13361.7
255,65536,53544,1.15242,0.646063,0.410922,66.6713,0.946189,30.4934,1.15375,0.646695,0.411451,57.0964,0.946788,30.4964,138392,13459.9
256,65536,53588,1.25311,0.607939,0.390663,15.3398,1.01606,25.2154,1.25467,0.608633,0.391422,15.3508,1.01677,25.2073,138776,13503.1
257,65536,53709,1.16368,0.630985,0.354055,11.8355,1.08174,25.1726,1.1649,0.631613,0.354503,11.8366,1.08253,25.1592,138780,13541.2
258,65536,53861,1.56847,0.681016,0.382522,13.5718,0.92402,25.62,1.57061,0.681796,0.383154,13.5577,0.924507,25.6214,138972,13581.4
259,65536,53659,1.14385,0.195836,0.15555,11.6995,1.12504,25.5465,1.14454,0.196425,0.156739,11.7008,1.1265,25.548,139068,13619.8
260,65536,53890,0.897681,0.260998,0.185286,7.68971,0.953057,25.413,0.899089,0.261438,0.185644,7.69124,0.953693,25.4145,139680,13653.9
261,65536,53972,0.734765,0.179734,0.137641,14.6962,0.952044,25.4606,0.736352,0.179975,0.137881,14.1818,0.952562,25.4539,139680,13695.1
262,65536,54100,0.70739,0.179672,0.165594,11.6539,0.961464,25.6793,0.708738,0.180165,0.166224,11.6556,0.962025,25.6807,141364,13733.4
263,65536,53844,0.650428,0.178308,0.175689,14.3821,1.19623,25.1495,0.651548,0.17858,0.17609,14.3841,1.19726,25.151,141364,13774.2
264,65536,53936,0.68924,0.214609,0.156055,13.6006,0.946291,25.9049,0.690265,0.21492,0.156332,13.6026,0.946745,25.9059,141364,13814.7
265,65536,53913,1.2964,0.307791,0.3095,11.0532,0.944127,25.4521,1.29824,0.308565,0.309969,11.056,0.944752,25.4532,141364,13852.2
266,65536,53981,0.740933,0.17934,0.134347,10.4331,1.06958,25.3333,0.742209,0.179625,0.134599,10.4352,1.07079,25.3267,142104,13889.1
267,65536,53939,0.784229,0.218884,0.137236,10.2169,0.920366,25.2525,0.78536,0.219182,0.137484,10.2189,0.920899,25.2538,142104,13925.6
268,65536,53887,0.716409,0.182543,0.144654,15.6086,0.950941,25.8599,0.717442,0.183062,0.144909,15.6105,0.951335,25.8611,142104,13968
269,65536,53666,0.853017,0.19436,0.138923,13.6093,1.06726,25.4424,0.85897,0.194662,0.139187,13.611,1.06867,25.4436,142104,14008.2
270,65536,53544,0.736773,0.196505,0.146962,18.5085,0.994595,25.2436,0.738493,0.196807,0.147225,18.512,0.995111,25.2448,142804,14053
271,65536,53747,0.729004,0.178657,0.1375,10.2094,1.04937,25.2246,0.730002,0.178934,0.137766,10.2112,1.05033,25.2256,142804,14089.6
272,65536,53693,0.676268,0.213506,0.208301,9.97992,0.948811,25.3773,0.67766,0.214039,0.208601,9.98246,0.949327,25.3715,142804,14125.9
273,65536,53689,0.852206,0.204946,0.149649,11.1367,0.949872,25.8298,0.85371,0.205271,0.149905,11.1386,0.950189,25.8316,142804,14163.9
274,65536,53568,0.721678,0.217646,0.161933,9.04759,0.908951,25.8572,0.722789,0.217935,0.162261,9.04889,0.909368,25.8586,142804,14199.8
275,65536,53280,0.727096,0.196345,0.146174,10.362,0.996729,25.2735,0.72831,0.196764,0.14651,10.3633,0.99728,25.2752,143572,14236.5
276,65536,53114,0.794999,0.260063,0.185458,13.1431,0.948993,25.2392,0.796609,0.233842,0.18574,13.1451,0.949373,25.2408,143572,14275.9
277,65536,53168,0.707523,0.201333,0.184084,16.0874,0.911608,25.8095,0.708646,0.215577,0.184366,16.089,0.911976,25.8024,143572,14318.7
278,65536,53359,0.717714,0.185393,0.166687,10.7422,1.0955,25.8117,0.718696,0.18572,0.167121,10.7441,1.09657,25.8131,143956,14356.4
279,65536,53357,0.833871,0.199848,0.141331,12.7627,0.940044,25.6029,0.835267,0.200116,0.141587,12.7645,0.940464,25.6044,144544,14395.8
280,65536,53328,0.680515,0.177453,0.172517,11.1638,0.916061,25.7985,0.681713,0.177721,0.172807,11.1663,0.916345,25.8,144544,14433.7
281,65536,53476,0.780768,0.220638,0.143983,13.9238,1.20251,25.5446,0.782297,0.221071,0.144285,13.9256,1.20363,25.5461,144544,14474.4
282,65536,53481,0.729228,0.180841,0.1345,13.4345,0.917682,26.0086,0.730526,0.181158,0.134753,13.4365,0.918083,26.0099,144928,14514.9
283,65536,53606,0.955413,0.23109,0.16159,10.922,0.949898,25.8445,0.957268,0.231641,0.161922,10.9246,0.950457,25.846,145524,14552.6
284,65536,53814,0.727725,0.196072,0.160394,13.2167,0.943057,25.7516,0.728716,0.196351,0.160674,13.2204,0.943596,25.7461,145524,14592.6
285,65536,53728,0.719696,0.178272,0.134733,15.1774,0.955446,26.0947,0.720936,0.178522,0.13504,15.1799,0.955968,26.0961,145524,14634.9
286,65536,53286,0.697844,0.177267,0.179384,10.268,0.909156,26.2429,0.698939,0.177546,0.179689,10.2697,0.909765,26.232,145988,14672.4
287,65536,53296,0.750683,0.181075,0.13944,13.9243,0.90704,25.7181,0.752376,0.18134,0.139689,13.9272,0.907453,25.7194,146580,14713
288,65536,53261,0.755052,0.294047,0.152224,15.0602,1.01981,25.7974,0.756295,0.294644,0.152521,15.062,1.02042,25.7985,146580,14754.9
289,65536,53252,0.697349,0.217709,0.149355,14.5435,0.908287,25.7601,0.698561,0.218029,0.149647,14.5394,0.908833,25.7611,146580,14796.2
290,65536,53294,0.791256,0.193567,0.156925,14.0607,0.988516,25.6513,0.792606,0.193982,0.157194,14.0622,0.98903,25.6445,146580,14836.9
291,65536,53498,0.899754,0.209322,0.156788,18.8958,0.937358,25.9814,0.901371,0.209715,0.157056,18.8915,0.937838,25.9823,146968,14882.8
292,65536,53542,0.698751,0.205216,0.154504,10.4976,1.01295,25.7715,0.700316,0.205852,0.154873,10.4995,1.0242,25.7729,147692,14920.1
293,65536,53353,0.876144,0.197238,0.155752,10.063,1.02216,25.7805,0.877748,0.19767,0.156019,10.065,1.02297,25.7724,147692,14957.1
294,65536,53501,0.692597,0.209888,0.149666,10.4979,0.970562,25.8015,0.693843,0.210337,0.149971,10.4995,0.971181,25.8032,147692,14994.4
295,65536,53715,0.735532,0.200077,0.156672,19.4529,1.06769,25.8001,0.736735,0.200457,0.157183,19.4549,1.06864,25.801,147692,15040.8
296,65536,53708,0.855643,0.183438,0.137492,19.324,0.995249,26.0241,0.857359,0.183777,0.137776,19.3268,0.995667,26.0149,148140,15087.1
297,65536,53551,0.731658,0.196626,0.137902,12.1344,0.935467,25.9074,0.732946,0.196894,0.13824,12.1362,0.935767,25.9089,148996,15126.2
298,65536,53273,0.781916,0.204004,0.151322,14.6932,0.93745,25.8449,0.783345,0.204396,0.151722,14.6946,0.937734,25.8461,148996,15167.7
299,65536,53339,0.685515,0.179735,0.133665,32.0563,0.944702,25.9776,0.687031,0.180094,0.133923,31.5758,0.945397,25.9789,148996,15226.7
