scan,points_in,points_kept,read_ms,filter_ms,convert_ms,register_ms,transform_ms,integrate_ms,read_cpu_ms,filter_cpu_ms,convert_cpu_ms,register_cpu_ms,transform_cpu_ms,integrate_cpu_ms,rss_kb
0,65536,57269,1.36506,0.290738,0.362109,5.85979,0.986098,42.5143,1.36741,0.291141,0.362415,5.86276,0.986745,41.7918,64980
1,65536,57111,0.970534,0.169617,0.131338,19.5931,0.994492,30.8247,0.971461,0.169972,0.131732,63.0005,0.995079,30.8261,74432
2,65536,57021,0.60961,0.16831,0.143171,16.1069,0.994546,32.2537,0.610137,0.16867,0.143515,50.7989,0.995194,30.8848,81328
3,65536,57077,0.568898,0.168079,0.115955,20.7532,0.990194,30.7393,0.57,0.168382,0.116268,70.4146,0.990599,30.7403,84916
4,65536,56870,0.53986,0.168219,0.113794,20.8161,0.97625,30.6285,0.540539,0.168511,0.114106,70.823,0.97689,30.63,86300
5,65536,56849,0.521764,0.168859,0.13612,29.6021,0.989092,30.6859,0.522475,0.169214,0.13642,107.066,0.989633,30.6864,88360
6,65536,56913,0.532879,0.170935,0.115079,41.396,0.983448,30.7289,0.53377,0.171262,0.115365,136.432,0.983987,30.7207,89576
7,65536,56845,0.521138,0.172151,0.115329,61.4038,0.99016,30.7099,0.521757,0.172685,0.115631,231.844,0.990684,30.7106,90412
8,65536,57058,0.531571,0.171926,0.115645,21.0847,0.989861,31.283,0.532163,0.172271,0.115946,74.2283,0.990352,30.8018,90992
9,65536,57260,0.541448,0.168107,0.115435,34.0231,0.99577,30.8709,0.541973,0.168481,0.115794,118.758,0.996341,30.8622,92000
10,65536,57244,0.525551,0.171215,0.115969,49.4186,0.983907,30.8665,0.526303,0.171678,0.116392,183.331,0.984451,30.8676,92568
11,65536,57069,0.522976,0.168051,0.114858,54.6501,0.992598,30.776,0.523496,0.16846,0.115168,202.051,0.993172,30.7665,93216
12,65536,56860,0.533451,0.167366,0.114313,35.7027,0.98689,31.1872,0.534073,0.167777,0.114607,133.168,0.987434,31.1883,93216
13,65536,57051,0.530526,0.168255,0.115452,59.3474,0.991364,30.7347,0.531083,0.168619,0.115746,226.814,0.991974,30.7295,93868
14,65536,57094,0.52224,0.296689,0.200698,45.1092,0.994234,30.6178,0.522737,0.297178,0.201153,169.122,0.994859,30.6182,93880
15,65536,57406,0.516935,0.168857,0.135958,43.7564,0.998739,30.7436,0.517649,0.169295,0.136276,164.41,0.999286,30.744,94280
16,65536,57465,0.564194,0.168163,0.131417,48.1944,0.994352,32.3388,0.558734,0.168465,0.131713,183.055,0.994879,32.0981,94280
17,65536,57277,0.526478,0.16754,0.131397,31.205,0.992999,30.8071,0.527135,0.167961,0.131764,115.061,0.99343,30.7999,94472
18,65536,57011,0.529313,0.167602,0.129348,45.6103,0.992018,30.6194,0.529869,0.167991,0.129652,172.268,0.992572,30.5888,94604
19,65536,56997,0.529124,0.167639,0.130873,34.6589,1.19847,30.6182,0.529792,0.167939,0.131184,125.472,1.19933,30.6188,95384
20,65536,56950,0.5352,0.168409,0.130204,25.6651,0.988645,30.7521,0.535679,0.168915,0.130702,93.0627,0.989077,30.6839,95384
21,65536,57117,0.539762,0.167361,0.114518,35.1689,0.994524,30.6984,0.540421,0.167782,0.114819,130.455,0.995144,30.6989,95956
22,65536,57196,0.534341,0.168968,0.115128,35.476,0.996096,30.9335,0.534966,0.169741,0.115423,125.589,0.996605,30.9347,95956
23,65536,57036,0.533616,0.167885,0.114929,36.6821,0.991389,30.6634,0.534363,0.168277,0.115218,136.065,0.991846,30.6643,96724
24,65536,56726,0.558961,0.168646,0.130504,56.4657,0.981796,30.3592,0.559648,0.168968,0.130815,210.376,0.982322,30.3527,96724
25,65536,56721,0.517546,0.168115,0.128872,44.6785,0.984909,30.6574,0.518218,0.168554,0.129174,164.479,0.985399,30.626,96860
26,65536,56873,0.506759,0.168213,0.114226,40.5137,0.988276,30.7401,0.507416,0.168636,0.11453,149.178,0.988634,30.741,97424
27,65536,57126,0.50588,0.167563,0.115747,32.3708,0.991734,30.5585,0.506443,0.167866,0.116045,116.444,0.992221,30.5597,97432
28,65536,57137,0.764181,0.167826,0.115568,45.1624,0.99005,30.5461,0.764849,0.168283,0.116028,170.245,0.99037,30.5477,97432
29,65536,57197,0.514124,0.167886,0.123268,50.5028,0.998993,30.6693,0.51469,0.168325,0.123683,191.231,0.999668,30.6703,98200
30,65536,56945,0.518766,0.167894,0.115501,34.853,0.990498,31.5297,0.519551,0.16819,0.115804,129.059,0.991001,31.5321,98200
31,65536,56956,0.531284,0.167337,0.114557,52.2381,0.983086,30.6068,0.532211,0.167753,0.114922,198.476,0.983609,30.602,98200
32,65536,56949,0.522791,0.167527,0.115527,32.1038,0.990118,30.6988,0.523447,0.167855,0.115818,117.938,0.990589,30.6997,98200
33,65536,56930,0.506939,0.16838,0.117985,42.4084,0.997062,30.4958,0.507474,0.168689,0.118291,150.504,0.99008,30.4964,98580
34,65536,56858,0.515203,0.167941,0.114821,27.8842,0.995183,30.5179,0.51574,0.168235,0.115123,101.051,0.995995,30.5106,98580
35,65536,56643,0.518014,0.168172,0.117664,53.4405,0.996068,30.474,0.518594,0.16856,0.118041,203.245,0.996719,30.4752,98764
36,65536,56494,0.521935,0.168794,0.11377,40.0238,0.987813,30.4355,0.522579,0.169187,0.114064,149.27,0.988464,30.4092,99560
37,65536,56115,0.542185,0.171506,0.128908,41.3215,0.97445,31.2211,0.542696,0.171933,0.129217,152.079,0.974898,31.2127,99560
38,65536,56176,0.541507,0.167824,0.128142,40.1926,0.979573,30.4601,0.542127,0.16813,0.12843,150.593,0.980208,30.4515,99944
39,65536,56431,0.53736,0.171029,0.113217,55.1027,0.981675,30.3864,0.538019,0.17142,0.113572,209.71,0.982151,30.3876,100116
40,65536,56454,0.544797,0.171485,0.310199,31.9226,0.980974,30.2764,0.545435,0.172096,0.310645,116.866,0.981477,30.2775,100884
41,65536,56575,0.54143,0.168273,0.117034,36.6823,0.982029,30.5939,0.542072,0.168667,0.117356,134.625,0.982601,30.5949,100888
42,65536,56711,0.534862,0.167881,0.11413,47.7943,0.991897,30.7621,0.5356,0.168207,0.114495,179.916,0.992582,30.763,102096
43,65536,56531,0.540666,0.167403,0.12946,49.3073,0.985294,31.3458,0.541234,0.167761,0.12989,187.148,0.985897,31.3387,102096
44,65536,56577,0.514974,0.167449,0.1139,33.8504,0.992436,31.0852,0.515561,0.167839,0.114192,125.526,0.993077,31.0807,102096
45,65536,56585,0.537555,0.168263,0.11372,68.3855,0.982391,31.5841,0.538117,0.168565,0.114022,263.509,0.983154,31.5851,102096
46,65536,56443,0.537073,0.167967,0.128934,41.3038,0.984764,30.5298,0.537876,0.168271,0.129226,150.975,0.985373,30.5306,102096
47,65536,56563,0.856728,0.222929,0.155007,42.8372,0.986973,30.4431,0.80326,0.223592,0.15556,160.554,0.987493,30.4437,102096
48,65536,56463,0.533412,0.167718,0.113567,37.3174,0.97671,30.5623,0.533982,0.168207,0.113858,137.001,0.977055,30.5644,102096
49,65536,56659,0.539848,0.168719,0.113928,53.1904,0.985709,31.4092,0.540395,0.169041,0.11424,199.665,0.986359,31.4101,102864
50,65536,56687,0.519114,0.168474,0.113536,49.2891,0.971381,30.7139,0.519767,0.168863,0.113847,183.813,0.972208,30.7072,102864
51,65536,56912,0.528951,0.168502,0.11426,45.9039,0.989077,30.8088,0.529605,0.168939,0.114554,173.3,0.989539,30.8006,103408
52,65536,56863,0.543049,0.16825,0.129251,40.9297,0.987957,30.8216,0.543609,0.168639,0.129669,152.852,0.988633,30.8229,103408
53,65536,56773,0.519492,0.169336,0.13494,51.1079,1.01398,30.8278,0.520377,0.169653,0.13523,191.309,1.01478,30.8296,103408
54,65536,56491,0.530452,0.16748,0.1292,37.8637,0.985199,30.7229,0.531063,0.167789,0.129697,141.031,0.985807,30.7242,104052
55,65536,56521,0.526245,0.167256,0.115258,30.7205,0.979524,30.5033,0.526809,0.167602,0.115553,112.555,0.979993,30.5038,104608
56,65536,56542,0.533681,0.167191,0.113885,45.2722,0.984773,31.1616,0.534351,0.167486,0.114179,170.526,0.985384,31.1627,104608
57,65536,56545,0.519955,0.167703,0.113663,36.6797,0.981127,31.4239,0.520554,0.168022,0.113961,136.431,0.981636,31.4251,104608
58,65536,56542,0.518895,0.168524,0.113629,44.9297,0.984582,30.7464,0.519549,0.16884,0.113923,169.632,0.985169,30.7468,104608
59,65536,56612,0.526945,0.172347,0.11358,65.1656,0.984062,30.7455,0.52761,0.172795,0.113885,249.681,0.984943,30.7461,104608
60,65536,56751,0.528182,0.168478,0.114126,48.2664,0.98706,30.7502,0.528865,0.168877,0.114533,180.661,0.987602,30.7511,104612
61,65536,56637,0.525592,0.167805,0.113667,43.3753,0.975216,30.7575,0.526294,0.168286,0.113973,157.536,0.975664,30.7583,105396
62,65536,56818,0.527903,0.168176,0.114269,52.7378,0.992338,31.6616,0.528514,0.168639,0.114565,184.531,0.993,31.6629,105436
63,65536,56920,0.529759,0.168091,0.117962,34.6053,0.982936,30.7295,0.53058,0.168474,0.118303,126.092,0.983525,30.73,106748
64,65536,56791,0.525111,0.173571,0.129286,37.3141,0.989652,30.7677,0.525924,0.173972,0.129592,136.542,0.990229,30.7691,106748
65,65536,56715,0.530937,0.173645,0.129439,60.9558,0.984792,30.6053,0.53164,0.17411,0.129747,232.781,0.985389,30.6001,106748
66,65536,56383,0.539467,0.168568,0.128884,43.2484,0.984519,30.8917,0.5405,0.169037,0.129204,163.399,0.98524,30.8863,106748
67,65536,56385,0.577148,0.169322,0.113958,49.8198,0.98153,30.7929,0.577729,0.169785,0.114346,189.362,0.98217,30.7943,106776
68,65536,56333,0.589406,0.172285,0.130712,44.6242,0.982481,30.4533,0.590119,0.172676,0.130999,168.493,0.983144,30.4537,106776
69,65536,56397,0.525962,0.173399,0.114011,40.0811,1.04405,30.6628,0.5267,0.173855,0.1144,147.898,1.0451,30.6643,106776
70,65536,56419,0.529297,0.169061,0.113808,36.4458,0.981079,30.6754,0.529976,0.169575,0.11413,135.934,0.981469,30.668,106776
71,65536,56344,0.528255,0.169428,0.128197,66.9896,0.982762,30.6337,0.528862,0.169867,0.12868,257.913,0.983462,30.6349,106776
72,65536,56321,0.600224,0.170248,0.12807,28.5269,0.979486,30.4319,0.601721,0.170579,0.128364,103.916,0.980209,30.4323,106776
73,65536,56197,0.528911,0.174007,0.128798,41.1563,0.979312,30.4942,0.529752,0.174365,0.1291,152.026,0.979909,30.4958,106800
74,65536,56276,0.530523,0.169241,0.112893,42.0693,0.969824,30.6584,0.531228,0.169569,0.11325,153.399,0.970486,30.6598,107540
75,65536,56375,0.553989,0.170211,0.128488,47.1221,0.983048,30.4862,0.554879,0.170657,0.128988,177.664,0.983527,30.4707,108072
76,65536,56413,0.54289,0.169737,0.128795,48.5323,0.980071,30.5112,0.543607,0.170289,0.129264,181.496,0.980543,30.512,108072
77,65536,56426,0.543088,0.170313,0.113194,40.4883,0.995649,30.5136,0.543895,0.170686,0.113515,149.98,0.988705,30.5141,108624
78,65536,56053,0.552731,0.168539,0.127599,39.0519,0.976561,30.4696,0.553269,0.168851,0.127939,146.195,0.977173,30.4709,108624
79,65536,56290,0.514652,0.168985,0.119811,41.904,0.986514,30.3141,0.515297,0.169299,0.120113,157.914,0.987397,30.3157,108624
80,65536,56429,0.507885,0.173295,0.113848,37.1973,0.980158,30.2686,0.508609,0.173829,0.11414,135.475,0.980788,30.2693,108628
81,65536,56411,0.525411,0.169939,0.113903,32.8736,1.00918,30.5414,0.526117,0.170264,0.114194,121.772,1.01015,30.5427,108628
82,65536,56395,0.511419,0.169293,0.113391,34.2492,0.986844,30.2642,0.512239,0.169688,0.113692,127.578,0.987466,30.2663,108628
83,65536,56347,0.504253,0.170247,0.118715,44.334,0.967143,30.2432,0.504915,0.17073,0.119114,162.77,0.967573,30.2437,109392
84,65536,56509,0.516046,0.169805,0.114302,45.0539,0.972378,30.4173,0.516625,0.170289,0.114612,169.403,0.97282,30.4112,109396
85,65536,56464,0.515566,0.170378,0.113934,71.8828,0.972477,30.7708,0.516178,0.170755,0.114235,276.587,0.973134,30.7458,109396
86,65536,56681,0.500427,0.173833,0.114728,38.9145,0.973127,31.6908,0.50101,0.17429,0.115042,145.984,0.973573,31.6923,109400
87,65536,56882,0.661169,0.309233,0.11713,37.9605,0.992331,30.7679,0.661931,0.309844,0.117435,140.134,0.993015,30.7696,109408
88,65536,56576,0.523299,0.170592,0.113313,69.5887,0.980659,30.2471,0.523847,0.170893,0.113595,263.175,0.981157,30.2478,109408
89,65536,56243,0.540013,0.173042,0.127531,40.9495,0.976993,29.9646,0.540913,0.173373,0.127831,151.789,0.977464,29.9649,110160
90,65536,55948,0.538177,0.169838,0.13295,57.2636,1.10773,29.8181,0.539019,0.170163,0.13327,219.044,1.10833,29.8116,110164
91,65536,55979,0.528239,0.175778,0.112464,77.6823,0.976662,29.7706,0.52895,0.176347,0.112768,298.214,0.977134,29.7711,110708
92,65536,56134,0.633316,0.17051,0.112705,34.886,0.977765,30.5727,0.568757,0.170842,0.113007,130.031,0.978197,30.5608,110712
93,65536,56097,0.527764,0.170787,0.112748,31.1949,0.973993,29.7584,0.528398,0.171174,0.113108,115.334,0.974419,29.7497,110712
94,65536,55960,0.535909,0.170997,0.112568,41.3911,0.970146,29.6478,0.536339,0.171376,0.112865,155.481,0.970571,29.6413,110712
95,65536,55867,0.54064,0.171588,0.128376,56.8528,0.972042,30.2599,0.541182,0.171969,0.12876,212.235,0.97275,30.261,110712
96,65536,55914,0.535346,0.170883,0.112519,50.4462,0.967579,29.7942,0.535821,0.171198,0.112824,192.089,0.968017,29.7948,110712
97,65536,55924,0.538907,0.170434,0.112474,34.2624,0.977313,29.9404,0.539395,0.17081,0.112775,127.533,0.977854,29.6694,110712
98,65536,56167,1.31108,0.484979,0.113242,72.741,0.97857,29.6625,0.696971,0.216003,0.113541,274.191,0.979269,29.6629,110712
99,65536,56178,0.539067,0.171521,0.117176,40.3749,0.979217,30.0226,0.53962,0.171977,0.117602,152.115,0.979804,30.0239,110712
100,65536,56222,0.538637,0.170936,0.113471,55.7868,0.964578,30.3018,0.539188,0.17132,0.113875,212.608,0.96502,30.2961,111484
101,65536,55862,0.526391,0.173533,0.127352,39.1401,0.961255,29.6269,0.526983,0.173874,0.127694,145.665,0.961817,29.6214,111484
102,65536,56058,0.525171,0.170061,0.113497,39.8902,0.979143,29.1581,0.525946,0.170542,0.113788,147.995,0.979798,29.1503,111484
103,65536,55909,0.55469,0.170549,0.12779,51.4692,0.978525,29.2399,0.555376,0.170926,0.128282,195.947,0.979186,29.2405,111568
104,65536,55858,0.535778,0.170666,0.127086,42.4356,0.974628,29.4404,0.536298,0.171323,0.127475,159.87,0.975153,29.4415,111568
105,65536,55881,0.522627,0.170696,0.124063,30.9902,0.967884,29.3332,0.523133,0.171011,0.124473,114.088,0.968291,29.3338,112108
106,65536,55981,0.539013,0.170655,0.112696,66.2916,0.97893,29.3558,0.539628,0.170975,0.113001,255.102,0.979338,29.3566,112108
107,65536,55815,0.530948,0.171127,0.127868,45.3503,0.97428,29.4621,0.531494,0.171567,0.128364,171.971,0.974735,29.4541,112108
108,65536,55649,0.535221,0.171449,0.13039,55.054,0.960682,29.1084,0.535791,0.17176,0.130695,210.608,0.961415,29.1096,112108
109,65536,55950,0.536458,0.174989,0.112578,36.2883,0.975888,29.2906,0.537191,0.175331,0.112887,136.085,0.976321,29.2911,112108
110,65536,56157,0.527834,0.172447,0.113107,44.848,0.981178,29.0849,0.528532,0.172814,0.113409,169.446,0.981765,29.0858,112112
111,65536,56088,0.560444,0.170727,0.114365,52.0042,0.977964,29.0295,0.560994,0.171108,0.114649,196.302,0.978507,29.0194,112112
112,65536,55992,0.572567,0.170313,0.112467,38.2753,0.977099,29.2156,0.573464,0.170683,0.11276,143.756,0.977713,29.2166,112112
113,65536,55778,0.526759,0.170894,0.120667,70.2403,0.973389,29.504,0.527319,0.171372,0.121058,271.288,0.973777,29.5058,112112
114,65536,55722,0.527954,0.172736,0.112467,27.4752,1.04451,28.9249,0.528679,0.173432,0.112843,100.366,1.04603,28.9264,112872
115,65536,55820,0.527569,0.172198,0.112068,36.1915,0.97101,28.7819,0.528182,0.172666,0.112378,132.221,0.971538,28.7826,112872
116,65536,55858,0.538101,0.171515,0.111807,35.644,0.970827,28.9387,0.538834,0.171834,0.112124,132.974,0.97145,28.9397,113416
117,65536,55840,0.5388,0.175825,0.111832,71.5205,0.974099,29.1041,0.539436,0.176338,0.112175,267.918,0.974601,29.1054,113416
118,65536,56058,0.544082,0.171368,0.113351,60.0715,0.97723,28.8531,0.54457,0.171657,0.113681,228.828,0.977889,28.8535,113420
119,65536,55984,0.544429,0.171124,0.11262,40.0531,0.976091,28.85,0.545018,0.171503,0.11298,150.01,0.976594,28.842,113420
120,65536,55769,0.538873,0.173132,0.127738,50.7094,0.974939,28.7824,0.539542,0.173519,0.128117,193.273,0.975527,28.7765,113420
121,65536,55941,0.538011,0.171753,0.112521,37.2274,0.976504,29.0282,0.538717,0.172225,0.112846,139.232,0.977138,29.0232,113420
122,65536,56012,0.552134,0.171372,0.112618,29.5976,0.971633,28.7386,0.552765,0.171808,0.112925,109.509,0.97219,28.7305,113420
123,65536,55865,0.539263,0.172262,0.11185,51.6386,0.971709,28.6194,0.539826,0.172565,0.112151,194.923,0.972398,28.6198,113420
124,65536,55861,0.53558,0.170746,0.117121,52.9594,0.984771,28.5428,0.536252,0.171127,0.117458,201.261,0.985424,28.5393,113420
125,65536,55539,0.539803,0.171339,0.127003,50.1756,0.96558,29.1616,0.540375,0.171816,0.127352,190.369,0.966161,29.1565,113452
126,65536,55534,0.553623,0.171656,0.127406,38.2662,0.971522,28.2718,0.554655,0.172079,0.127763,142.078,0.972178,28.2628,113548
127,65536,55847,0.532786,0.172921,0.117278,35.7772,0.971289,28.4966,0.533268,0.173252,0.1176,131.113,0.971793,28.4884,114728
128,65536,55980,0.535749,0.177332,0.112761,62.898,1.21597,28.6312,0.536347,0.177693,0.113064,240.001,1.21648,28.6072,114732
129,65536,55983,0.536132,0.17276,0.111957,24.7731,0.966161,28.4029,0.536822,0.173105,0.112246,90.3301,0.96675,28.4047,114732
130,65536,55892,0.544809,0.171427,0.112462,28.7465,0.962172,28.2667,0.545361,0.17179,0.11277,104.374,0.962617,28.2683,114732
131,65536,55935,0.548207,0.171688,0.112507,55.0099,1.15412,28.2058,0.548826,0.172083,0.112873,208.921,1.15497,28.2064,114732
132,65536,55812,0.545049,0.17115,0.112305,39.1238,0.967438,28.5582,0.545752,0.171509,0.112602,148.124,0.967895,28.5597,114732
133,65536,56063,2.63388,0.21263,0.19294,58.805,0.976919,28.1544,0.715353,0.213634,0.193375,224.681,0.977721,28.105,114736
134,65536,56090,0.561269,0.172901,0.113124,35.7124,0.982204,28.3137,0.561838,0.173296,0.113421,126.673,0.982716,28.3155,114736
135,65536,55917,0.536663,0.171257,0.112313,58.9043,0.961123,28.1428,0.537243,0.171568,0.112606,226.774,0.96165,28.1436,114736
136,65536,55926,0.533219,0.171951,0.112676,47.5284,0.975317,29.5564,0.533887,0.172258,0.112968,180.898,0.975853,29.5581,114736
137,65536,55403,0.529352,0.170995,0.126914,56.4814,0.965246,27.6532,0.529845,0.171386,0.127238,217.547,0.965887,27.6461,114764
138,65536,55445,0.535687,0.174516,0.111488,37.3036,0.966962,27.539,0.536244,0.174857,0.111785,139.165,0.967479,27.5396,115488
139,65536,55636,0.584282,0.172079,0.11813,31.4962,0.971795,28.5164,0.585086,0.172396,0.118415,114.28,0.972425,28.5089,115492
140,65536,55656,0.536475,0.172569,0.111897,31.7834,0.969136,27.6001,0.537302,0.172902,0.112262,118.856,0.969669,27.5931,115492
141,65536,55662,0.534166,0.18033,0.114192,45.0927,0.955538,27.7704,0.534823,0.18079,0.114573,167.79,0.956083,27.7713,115492
142,65536,55538,0.541898,0.17175,0.111285,37.8127,0.967539,27.6459,0.542621,0.172201,0.111588,143.334,0.968253,27.647,115492
143,65536,55370,0.547551,0.177322,0.113301,53.3493,0.967334,27.6078,0.548083,0.177621,0.113591,204.919,0.967915,27.6085,115492
144,65536,55114,0.524984,0.170476,0.110713,36.0859,0.953939,27.2126,0.525481,0.170774,0.111019,135.493,0.954259,27.2131,115492
145,65536,55418,0.529455,0.170699,0.114494,33.8742,1.15913,27.5195,0.530122,0.170991,0.114812,127.28,1.15958,27.52,115876
146,65536,55397,0.536306,0.171902,0.11137,38.2394,0.968813,27.2588,0.536937,0.17222,0.111669,144.571,0.969614,27.2596,116632
147,65536,55295,0.526703,0.17122,0.110851,29.4915,0.951951,27.1414,0.527332,0.171527,0.11113,109.65,0.952404,27.1421,116632
148,65536,55380,0.5386,0.170629,0.111352,40.6441,0.977309,27.3057,0.539045,0.171005,0.111657,150.905,0.977909,27.3067,116632
149,65536,54851,0.529093,0.175725,0.110588,78.6081,0.954763,27.0762,0.529618,0.176062,0.110901,306.731,0.955404,27.077,116632
150,65536,54967,0.533936,0.170874,0.11019,33.4863,0.952017,29.1658,0.534737,0.171163,0.11048,126.101,0.952472,27.3447,116632
151,65536,55229,0.519214,0.171328,0.111351,30.9111,0.951772,26.8424,0.519732,0.17168,0.111753,113.743,0.952183,26.8428,116632
152,65536,55200,0.527697,0.173154,0.12365,29.2415,0.963801,27.0389,0.52818,0.173519,0.124118,109.284,0.964304,26.7471,116632
153,65536,55022,0.520387,0.170115,0.126941,39.255,0.95409,26.5967,0.520924,0.170614,0.127364,149.423,0.954602,26.5975,116632
154,65536,54786,0.518246,0.170523,0.124297,36.9381,0.952169,26.3859,0.519075,0.170967,0.124674,139.418,0.952777,26.3864,116632
155,65536,54708,0.514323,0.169857,0.122079,43.4326,0.948178,26.7527,0.515262,0.170159,0.122486,165.518,0.948575,26.2869,117016
156,65536,54905,0.501655,0.1731,0.337569,29.3472,0.956899,26.3611,0.502121,0.173499,0.115427,107.824,0.95742,26.362,117152
157,65536,54909,0.508607,0.172489,0.110259,28.1944,0.95927,26.9323,0.509128,0.172814,0.110562,105.444,0.959768,26.4732,117152
158,65536,54899,0.502049,0.174793,0.109994,34.7606,0.950255,26.203,0.502531,0.175175,0.110301,130.061,0.950789,26.2034,117152
159,65536,54676,0.50135,0.171153,0.130159,28.7387,0.950846,26.214,0.502226,0.171521,0.13062,107.174,0.951365,26.2084,117208
160,65536,54486,0.524858,0.170785,0.123264,36.8053,0.948046,25.8506,0.526085,0.171111,0.123764,139.719,0.948686,25.8407,117208
161,65536,54328,0.507729,0.169885,0.119632,57.4676,0.949637,25.7555,0.508261,0.170171,0.119942,222.113,0.950215,25.756,117304
162,65536,54538,0.582013,0.170418,0.109554,28.0265,0.951716,25.7119,0.582643,0.170741,0.109856,102.897,0.952243,25.7123,117912
163,65536,54528,0.493626,0.173556,0.109384,13.9705,0.951896,26.2122,0.49428,0.17387,0.109705,48.7717,0.952461,26.206,117912
164,65536,54361,0.502722,0.171936,0.109016,34.3927,0.935239,25.6275,0.503465,0.172439,0.109456,130.068,0.935888,25.6216,117912
165,65536,54361,0.513316,0.170694,0.109371,39.7456,0.954033,25.5569,0.513931,0.171003,0.109677,145.159,0.954659,25.5573,117912
166,65536,54464,0.493334,0.171073,0.109487,56.069,0.948917,25.5095,0.494073,0.171476,0.109834,211.726,0.949462,25.5098,117912
167,65536,54473,0.504943,0.174156,0.109795,23.1172,1.27365,25.8839,0.505468,0.174483,0.110113,83.2182,1.27428,25.8772,118292
168,65536,54503,0.542533,0.172407,0.109905,33.6504,0.950767,25.4922,0.543386,0.172775,0.110259,127.842,0.951171,25.4925,118296
169,65536,54541,0.511757,0.175389,0.109483,20.5627,0.947403,25.3937,0.512609,0.175801,0.109786,72.2283,0.947921,25.3951,118488
170,65536,54481,0.499723,0.172122,0.117083,28.817,0.953139,25.5168,0.500253,0.172617,0.117498,108.341,0.953746,25.5174,118488
171,65536,54254,0.501344,0.177451,0.109063,18.6087,0.950854,25.3021,0.501904,0.177778,0.109362,67.2856,0.951351,25.3028,118576
172,65536,53921,0.514312,0.171057,0.108794,45.6849,0.927467,25.2593,0.514851,0.171466,0.109157,173.923,0.927921,25.2601,118640
173,65536,53879,0.507213,0.172716,0.10797,18.7727,0.948888,24.9637,0.50784,0.173033,0.108312,67.8595,0.939552,24.964,119216
174,65536,53972,0.510977,0.175659,0.108424,31.3016,0.938272,25.7501,0.511442,0.176029,0.108734,118.66,0.938702,25.751,119216
175,65536,53919,0.499116,0.172243,0.108201,13.6657,0.937479,24.9314,0.499682,0.172547,0.108587,47.93,0.938086,24.9316,119216
176,65536,53973,0.515068,0.172261,0.119797,16.5705,0.940157,24.8598,0.515628,0.172566,0.120148,59.3653,0.94082,24.8603,119216
177,65536,53727,0.517259,0.172478,0.11862,29.546,0.931524,24.7196,0.517761,0.172783,0.118911,110.937,0.932012,24.7202,119220
178,65536,53518,0.523945,0.172293,0.117179,15.9506,0.934101,24.6529,0.524339,0.172656,0.117495,57.318,0.934729,24.6453,119220
179,65536,53612,0.504343,0.170459,0.111569,32.0945,0.93172,24.6742,0.504847,0.170761,0.111894,120.648,0.93237,24.6655,119708
180,65536,53447,0.503433,0.170452,0.122179,17.6044,0.927344,24.5964,0.503821,0.170788,0.122523,63.9687,0.927753,24.597,119708
181,65536,53257,0.529625,0.171502,0.116682,20.0869,0.928807,24.671,0.530221,0.171952,0.116988,71.8848,0.929357,24.6721,119708
182,65536,53233,0.546252,0.179169,0.129517,31.6515,0.942963,24.454,0.547104,0.179601,0.130044,119.8,0.935176,24.4543,119796
183,65536,52883,0.510433,0.168763,0.122389,13.2524,0.906945,24.2374,0.510956,0.169135,0.122702,45.4465,0.907554,24.209,120472
184,65536,53031,0.707307,0.167979,0.120563,18.9894,1.10122,24.2293,0.707835,0.168296,0.120864,69.5176,1.10173,24.2296,120472
185,65536,53263,0.513017,0.167911,0.106826,10.6814,0.930061,25.9432,0.51344,0.168229,0.107202,36.0278,0.930654,25.9346,120952
186,65536,53344,0.505478,0.167352,0.114727,17.5641,0.936365,24.3708,0.505953,0.167791,0.115035,62.1169,0.937012,24.3712,120956
187,65536,53284,0.526277,0.167447,0.107132,11.5189,0.924897,24.3578,0.519568,0.167745,0.107419,39.6712,0.925483,24.358,120956
188,65536,53340,0.503891,0.166747,0.10726,10.9388,0.927553,24.4188,0.50439,0.167078,0.107572,37.1904,0.928023,24.4088,120956
189,65536,53179,0.501437,0.168078,0.107096,13.7233,0.915267,25.032,0.502058,0.168391,0.107396,48.413,0.915828,25.0336,120956
190,65536,53182,0.502427,0.16851,0.111288,10.0596,0.923518,24.3359,0.502996,0.168957,0.111595,33.1109,0.924032,24.3293,120956
191,65536,53572,0.497799,0.172842,0.10763,25.3652,0.934241,24.5096,0.498323,0.173153,0.107914,89.4184,0.93493,24.5101,120960
192,65536,53726,0.496092,0.167496,0.108054,18.2609,0.932791,24.5727,0.496749,0.167794,0.108373,65.8602,0.933172,24.5732,121732
193,65536,53543,0.502214,0.169064,0.107524,7.13707,1.1253,25.1113,0.50302,0.169392,0.107824,22.2619,1.11354,25.1121,121732
194,65536,53295,0.505175,0.167622,0.107214,16.8101,0.920772,24.5578,0.505641,0.167907,0.107536,58.5524,0.921468,24.5584,121732
195,65536,53288,0.496578,0.168563,0.107108,12.3323,0.910485,24.6066,0.49712,0.168915,0.107405,42.9018,0.910947,24.6078,121732
196,65536,53328,0.503353,0.168038,0.10692,14.8135,0.928717,24.6316,0.50383,0.168331,0.107203,52.8827,0.929247,24.6249,121732
197,65536,53456,0.50203,0.167142,0.107295,11.1357,0.930512,24.4499,0.502504,0.167468,0.10758,38.1582,0.93109,24.4505,121732
198,65536,53531,0.502158,0.168348,0.107357,7.67572,0.923613,24.8118,0.502742,0.168648,0.107665,24.2745,0.924381,24.8126,121732
199,65536,53511,0.50601,0.172624,0.107823,15.0512,0.931783,24.6026,0.506595,0.172962,0.108116,53.7536,0.932307,24.5942,121732
200,65536,53484,0.503849,0.168308,0.107321,7.20996,0.918678,24.5405,0.504365,0.168614,0.107604,22.6936,0.919231,24.5416,121732
201,65536,53121,0.504415,0.17742,0.107295,6.25549,0.916576,24.479,0.505053,0.177829,0.107595,18.3603,0.91705,24.4742,122100
202,65536,53155,0.498918,0.168132,0.106994,11.6682,0.925421,24.3401,0.499385,0.168424,0.107286,40.3598,0.925922,24.3403,122104
203,65536,53195,0.510971,0.168311,0.107048,10.467,0.925994,24.6921,0.511515,0.168627,0.107362,35.6676,0.926556,24.6928,122104
204,65536,53099,0.51499,0.167541,0.106534,16.7459,0.920631,24.4254,0.515398,0.167847,0.106837,60.2252,0.921374,24.4258,122292
205,65536,53114,0.484658,0.172224,0.10655,15.324,0.923083,24.6183,0.4851,0.17256,0.106852,54.8964,0.923538,24.6186,122292
206,65536,52688,0.49252,0.1659,0.105746,11.0482,0.920454,24.3381,0.493046,0.166222,0.106035,37.5722,0.921086,24.3294,122380
207,65536,52901,0.528935,0.167095,0.111443,18.4308,0.913017,24.3369,0.529588,0.167462,0.111764,62.7312,0.913749,24.3373,122432
208,65536,53129,0.491966,0.168462,0.106551,12.3299,0.929303,24.4582,0.492406,0.168763,0.10691,41.8438,0.929816,24.4588,122968
209,65536,53142,0.507383,0.173888,0.107132,21.4764,0.926466,24.43,0.507878,0.174229,0.107433,79.2861,0.926852,24.4199,122968
210,65536,53358,0.512849,0.169372,0.118962,11.8098,0.929924,24.6588,0.513704,0.169658,0.11925,40.8057,0.93054,24.6594,122968
211,65536,53618,0.499781,0.170282,0.127115,14.5048,0.936878,25.0326,0.500268,0.170689,0.12758,50.8867,0.937584,25.0333,123352
212,65536,53554,0.510954,0.168983,0.118294,16.5124,0.934949,24.6806,0.511879,0.169327,0.118617,59.6195,0.935533,24.6186,123352
213,65536,53691,0.51268,0.170003,0.107704,18.0523,0.924955,24.6138,0.513109,0.170302,0.108023,65.4661,0.925407,24.614,123456
214,65536,54025,0.487869,0.171207,0.307394,11.8882,0.946128,24.7808,0.488372,0.171697,0.307968,39.9708,0.946613,24.7811,124232
215,65536,54235,0.494389,0.169548,0.108804,9.71013,0.94065,24.8577,0.494906,0.16985,0.109125,32.4958,0.941157,24.8519,124236
216,65536,54258,0.491756,0.174403,0.109237,22.9052,0.945373,25.0913,0.492237,0.174898,0.109551,81.3573,0.946001,25.0921,124240
217,65536,54166,0.512313,0.171652,0.108499,23.8836,0.94579,24.9725,0.513063,0.17209,0.10879,88.9755,0.946344,24.9735,124240
218,65536,53618,0.498568,0.175146,0.107499,14.2105,0.931659,25.5461,0.499238,0.175492,0.107796,50.4933,0.932076,25.5411,124240
219,65536,53780,0.494061,0.169254,0.10823,18.1228,0.934262,24.7102,0.494568,0.169572,0.108519,65.2188,0.934867,24.7109,124240
220,65536,53962,0.486905,0.17295,0.108753,8.34886,0.940683,25.0481,0.487517,0.173351,0.109057,26.723,0.941286,25.0487,124240
221,65536,53833,0.49202,0.171428,0.108177,12.5705,0.932018,24.8476,0.492427,0.171733,0.108467,42.6379,0.932382,24.8393,124612
222,65536,53890,0.492011,0.170117,0.107916,11.0072,0.934796,24.8985,0.492536,0.170433,0.108217,37.4311,0.935285,24.899,124804
223,65536,53990,0.482797,0.173598,0.108573,25.5154,0.93831,25.8796,0.483256,0.173954,0.108876,95.2472,0.93888,25.8801,124904
224,65536,53948,0.487462,0.170446,0.108439,9.60102,0.934486,24.9016,0.487955,0.170749,0.108777,31.5138,0.934895,24.9022,125548
225,65536,54014,0.50503,0.16943,0.108351,10.4148,0.934966,24.9871,0.505521,0.169821,0.108649,34.3651,0.935397,24.9875,125548
226,65536,54279,0.514224,0.171979,0.121,11.6288,0.944443,25.0648,0.5147,0.172301,0.121324,38.3294,0.944868,25.0576,125548
227,65536,53925,0.511437,0.172153,0.11828,15.2494,0.9396,25.1694,0.511984,0.17249,0.118579,53.7879,0.940131,25.1699,125932
228,65536,53761,0.513467,0.170494,0.119749,13.5093,0.93404,24.985,0.513949,0.170808,0.12005,47.5546,0.934566,24.9855,125932
229,65536,53379,0.521903,0.170154,0.118678,8.65198,0.945027,24.8011,0.522431,0.170456,0.119046,27.3468,0.94039,24.7972,126124
230,65536,53697,0.502172,0.175501,0.107574,14.6852,0.936079,24.9951,0.502689,0.175832,0.107863,51.5777,0.936713,24.9958,126808
231,65536,53751,0.680679,0.242109,0.157519,7.35968,0.923551,25.4479,0.681489,0.24265,0.158101,22.1942,0.924424,25.4341,126808
232,65536,53874,0.522161,0.173902,0.108225,14.9698,0.942071,25.0438,0.522687,0.174276,0.108588,53.0797,0.942687,25.0447,127196
233,65536,53975,0.497009,0.176039,0.108513,12.7703,0.932538,25.1123,0.497488,0.176445,0.10895,44.4978,0.93314,25.113,127196
234,65536,53954,0.556082,0.170931,0.108476,8.77219,0.925397,25.0496,0.556915,0.171249,0.108754,27.7488,0.925951,25.0418,127196
235,65536,54040,0.505971,0.171383,0.108511,12.4551,0.932829,25.1996,0.506495,0.171703,0.10882,43.0363,0.933207,25.2005,127392
236,65536,53831,0.495737,0.17095,0.108171,11.9847,0.939287,28.5217,0.496259,0.171314,0.108457,41.3091,0.939795,26.5752,127392
237,65536,53855,0.501904,0.174715,0.108136,19.5693,0.933823,25.2849,0.502437,0.175066,0.108433,71.4986,0.934274,25.1233,127480
238,65536,53826,0.49081,0.172638,0.108332,13.752,0.937889,25.0815,0.4913,0.172962,0.108638,47.8693,0.93843,25.0535,128156
239,65536,53824,0.51419,0.172398,0.10851,12.4065,0.940607,25.1657,0.514826,0.172751,0.108818,42.1941,0.941174,25.1586,128156
240,65536,53704,0.51283,0.171173,0.119734,11.5227,0.93418,25.6826,0.513285,0.171496,0.12013,39.3459,0.934665,25.0601,128156
241,65536,53659,0.839673,0.175298,0.11931,11.7365,0.939818,25.3319,0.580141,0.175661,0.119606,40.2479,0.940412,25.0554,128544
242,65536,53542,0.505259,0.170804,0.123364,11.6758,0.936557,25.0493,0.505751,0.171134,0.123656,39.9929,0.937114,25.0427,128544
243,65536,53488,0.574941,0.171379,0.1231,8.92888,0.933129,25.2687,0.575391,0.171676,0.123466,29.0974,0.933671,25.0063,128544
244,65536,53637,0.529266,0.171064,0.107527,22.4896,0.930338,25.3742,0.529688,0.171438,0.107806,71.1877,0.930862,25.3749,129416
245,65536,53724,0.517634,0.175796,0.107783,12.7141,0.919487,25.1717,0.518117,0.176162,0.108099,44.1179,0.926824,25.1661,129420
246,65536,53854,0.497591,0.17217,0.107733,17.9707,0.933332,25.4403,0.498159,0.172553,0.108053,65.0601,0.933791,25.4408,129420
247,65536,53609,0.492891,0.173047,0.110698,14.9603,0.927211,25.1578,0.493341,0.17338,0.111037,52.6527,0.927584,25.1583,129420
248,65536,53633,0.506858,0.172076,0.107501,20.5047,0.923243,25.9813,0.507449,0.17239,0.107785,75.3423,0.923747,25.9756,129420
249,65536,53827,0.562331,0.171237,0.108028,14.0709,0.93687,25.3408,0.562709,0.171532,0.108331,49.0691,0.937332,25.3419,129944
250,65536,54038,0.509845,0.173541,0.108786,15.8742,0.941436,25.429,0.510316,0.173909,0.10908,56.3948,0.941864,25.4292,129948
251,65536,53969,0.510378,0.173216,0.108556,19.8192,0.93818,25.3453,0.510786,0.173524,0.108848,71.6016,0.938549,25.338,129948
252,65536,53495,0.521217,0.172294,0.1227,11.9963,0.929653,25.2262,0.52183,0.172659,0.12306,41.0884,0.930107,25.2272,130024
253,65536,53330,0.503987,0.171379,0.116664,24.3871,0.919013,25.2649,0.504521,0.171736,0.116962,89.879,0.919511,25.2656,130728
254,65536,53345,0.513943,0.172123,0.12066,15.4116,0.940749,25.7664,0.514507,0.172441,0.12098,54.7491,0.930317,25.7675,130728
255,65536,53544,0.511072,0.170132,0.107585,25.6467,0.931022,25.9926,0.511753,0.170623,0.107913,91.1394,0.93156,25.9934,131212
256,65536,53588,0.510933,0.171034,0.108323,16.2798,0.932255,25.2438,0.511441,0.17133,0.108618,58.4096,0.932849,25.2441,131216
257,65536,53709,0.503622,0.171491,0.107957,15.5055,0.921805,25.5477,0.503974,0.171803,0.108261,55.1989,0.922425,25.5482,131216
258,65536,53861,0.503645,0.170734,0.155895,16.8646,0.933142,25.6286,0.504431,0.171133,0.156303,59.3328,0.933563,25.6295,131988
259,65536,53659,0.515482,0.171257,0.107691,15.7775,0.933477,25.3527,0.516038,0.171567,0.107985,56.3252,0.933871,25.353,131988
260,65536,53890,0.498374,0.171194,0.108288,10.1417,0.941124,26.6181,0.49889,0.171504,0.10862,33.0514,0.941656,26.6196,131988
261,65536,53972,0.504719,0.17595,0.108188,19.2226,0.930624,25.5523,0.505481,0.176305,0.108579,69.6267,0.931148,25.5438,131992
262,65536,54100,0.50248,0.172388,0.108721,15.6945,0.942406,26.317,0.503004,0.172674,0.109018,55.5487,0.94293,26.3178,132380
263,65536,53844,0.506755,0.171324,0.108802,20.0608,0.943535,25.4614,0.507203,0.171633,0.109098,72.8443,0.944176,25.4617,132380
264,65536,53936,0.495733,0.172852,0.108433,18.512,0.937265,25.8067,0.496238,0.173154,0.108743,66.9052,0.938158,25.807,132568
265,65536,53913,0.50465,0.172617,0.108374,15.7872,0.936193,25.6149,0.505192,0.172922,0.108679,55.7356,0.936902,25.6054,132664
266,65536,53981,0.497172,0.17927,0.108865,13.417,0.938083,25.6625,0.497694,0.179576,0.109169,46.3413,0.938588,25.6636,133264
267,65536,53939,0.508499,0.171906,0.108873,12.7185,0.937085,26.9741,0.509229,0.172208,0.109175,43.7769,0.937592,26.9688,133264
268,65536,53887,0.521838,0.17005,0.120904,20.7856,0.934757,25.5735,0.522222,0.170351,0.121198,76.3229,0.935246,25.5626,133264
269,65536,53666,0.52035,0.171937,0.117965,18.6444,0.933585,25.796,0.520899,0.17222,0.118402,67.5081,0.934012,25.7966,133648
270,65536,53544,0.515557,0.17052,0.119749,24.9137,0.931978,25.4623,0.516004,0.170825,0.120045,91.4332,0.932348,25.4632,133648
271,65536,53747,0.522561,0.171555,0.124823,12.8784,0.936278,25.9294,0.523042,0.171869,0.125132,44.6014,0.936826,25.9301,133840
272,65536,53693,0.519846,0.170955,0.119366,12.4287,0.934916,25.5204,0.520418,0.171277,0.119767,42.6714,0.93536,25.5208,133840
273,65536,53689,0.52195,0.17179,0.119595,13.8622,0.931657,25.5684,0.522421,0.172116,0.1199,48.2265,0.932271,25.5687,133840
274,65536,53568,0.528749,0.171307,0.120217,12.2189,0.933064,25.7789,0.52944,0.171649,0.120566,41.4103,0.933645,25.7716,134584
275,65536,53280,0.524316,0.170823,0.118188,14.0874,0.919324,25.5911,0.524831,0.171186,0.118489,49.3733,0.920056,25.5915,134584
276,65536,53114,0.537868,0.169797,0.11854,16.8763,0.923298,25.5906,0.538407,0.170156,0.118836,60.4926,0.923867,25.5911,134584
277,65536,53168,0.519662,0.174184,0.107231,21.6019,0.930577,25.9641,0.520092,0.174516,0.10753,79.0944,0.931043,25.9567,135064
278,65536,53359,0.573816,0.173979,0.108646,14.0237,0.93544,25.5677,0.574452,0.17435,0.108976,48.3331,0.93614,25.5684,135836
279,65536,53357,0.514674,0.1727,0.10698,16.7931,0.928886,25.754,0.515227,0.173035,0.107263,59.5252,0.929376,25.7546,135836
280,65536,53328,0.503066,0.173869,0.107235,14.6928,0.92278,25.6658,0.503806,0.174209,0.107522,51.6902,0.92316,25.6549,135836
281,65536,53476,0.505682,0.171482,0.107501,19.5543,0.934538,25.9088,0.50618,0.171803,0.107836,70.4847,0.935297,25.9095,136220
282,65536,53481,0.511695,0.171477,0.107339,17.1692,0.931728,25.747,0.512243,0.171794,0.107633,61.4073,0.932163,25.7472,136220
283,65536,53606,0.500334,0.170889,0.118062,15.0334,0.958676,26.5926,0.500781,0.171201,0.118526,52.6166,0.945621,26.5933,136416
284,65536,53814,0.509737,0.172277,0.107729,17.3024,0.932539,25.9726,0.510301,0.172591,0.108026,61.3466,0.932975,25.9729,137100
285,65536,53728,0.510432,0.173041,0.119826,19.7134,0.93481,26.1136,0.511048,0.173419,0.120272,71.7484,0.935227,26.1142,137100
286,65536,53286,0.540064,0.169804,0.11797,13.6171,0.924918,25.7283,0.540582,0.17012,0.118275,46.9874,0.925335,25.7285,137484
287,65536,53296,0.523064,0.172894,0.106849,17.4632,0.909709,25.7232,0.523669,0.173199,0.107166,62.4854,0.910234,25.7126,137584
288,65536,53261,0.509932,0.171988,0.121149,21.4865,0.915163,25.7796,0.510402,0.172283,0.121508,78.0958,0.915602,25.7802,137676
289,65536,53252,0.504299,0.172169,0.116943,20.1819,0.917199,25.8638,0.504752,0.172531,0.117316,71.6209,0.917782,25.8647,137772
290,65536,53294,0.548911,0.173288,0.10726,19.9662,1.11564,25.9837,0.549492,0.173609,0.107552,70.7893,1.17346,25.9844,138352
291,65536,53498,0.509368,0.172293,0.107471,26.0137,0.920774,26.0069,0.509959,0.1726,0.107775,96.7229,0.921374,26.008,138356
292,65536,53542,0.502275,0.177144,0.10775,14.3158,0.931726,26.1532,0.50275,0.177529,0.108049,49.6701,0.932389,26.1493,138356
293,65536,53353,0.508211,0.173134,0.106841,13.1182,0.930961,25.8246,0.508746,0.173449,0.107155,44.8869,0.93159,25.8252,138736
294,65536,53501,0.503591,0.176326,0.107541,12.314,0.933628,26.2909,0.504262,0.176653,0.107852,41.7605,0.934115,26.2922,138740
295,65536,53715,0.504399,0.171653,0.107993,26.3642,0.939709,26.1447,0.504837,0.172093,0.108282,97.5692,0.940355,26.1385,139080
296,65536,53708,0.501491,0.175054,0.10775,27.4093,0.93188,26.279,0.502222,0.175361,0.108053,101.781,0.932335,26.2803,139748
297,65536,53551,0.503978,0.176267,0.107701,16.4979,0.931041,26.0278,0.504665,0.176618,0.107981,58.4149,0.931593,26.0281,139748
298,65536,53273,0.514215,0.170553,0.118414,20.8036,0.944265,26.0222,0.514725,0.170858,0.118737,75.699,0.936802,26.0228,140132
299,65536,53339,0.509303,0.174764,0.118585,45.8308,0.924759,25.919,0.509844,0.175091,0.118952,167.513,0.925161,25.9198,140132
